,FICE,FSNOW,PRS,RFR,OCM,OCS,TCT,VCM,PPQ,SIAE
0,9.66526502617,3.6311010245,5.92796800752,0.246626961111,-1.0,0.0,-1.0,1.34551841367,0.609116094295,2.01355561435
1,5.20774652564,2.07799292346,5.88487709256,0.566972513179,-1.0,0.0,0.0,1.15792423706,0.624553756217,3.43344433872
2,8.48436307811,3.49502752045,6.81919491741,0.704120844387,1.0,-1.0,0.0,1.19257799264,0.8951440802,5.37240577857
3,9.10362639789,4.90144285983,6.23111474483,0.405759208997,1.0,-1.0,0.0,1.13821613521,0.315613005309,3.05150976224
4,11.0541553705,3.65074823822,5.62822578414,0.713599911841,1.0,1.0,-1.0,0.830383756082,0.743360868019,2.2903725241
5,8.02225553161,2.92145267638,5.41122232587,0.339850552311,0.0,-1.0,0.0,0.924651068644,0.520408077226,3.62680829897
6,10.1653953912,4.82261464452,5.11962263026,0.735192042841,-1.0,0.0,0.0,0.805807415544,0.531774719911,1.95419601551
7,11.2773216611,3.30478089704,6.00159037889,0.624679661842,0.0,-1.0,1.0,0.717578837708,0.640640706623,1.11769669177
8,10.9299648578,2.68595054485,6.73600315151,0.619812072458,-1.0,-1.0,1.0,0.923480300242,0.763638311858,3.91716587401
9,11.0187119977,3.20807629171,6.40390562589,0.546751875598,0.0,1.0,0.0,0.757009759205,0.499401763707,2.64612130995
10,4.64308825285,5.2671034312,5.60016252982,0.71118013164,-1.0,-1.0,0.0,0.901028130342,0.72785876067,1.26234343466
11,6.18036781983,4.67541808898,6.2507508036,0.536840400414,-1.0,0.0,0.0,0.86992261967,0.791161953047,1.77920090839
12,9.85430024756,4.92379907972,6.43899032872,0.288862872683,-1.0,-1.0,0.0,1.16359736338,0.768832575631,4.92379709045
13,5.83588215591,4.45728968646,6.4494192542,0.469278052206,-1.0,0.0,1.0,0.992804637031,0.570143689002,1.92200063271
14,7.36152773246,3.40769096539,6.25742878097,0.353860365165,1.0,-1.0,-1.0,1.19499628428,0.336613818132,2.03765093863
15,5.92474019249,2.26852683461,6.73500587088,0.444802322621,-1.0,0.0,0.0,0.817910693956,0.867127079405,1.01818806455
16,10.6553683378,2.97861208734,6.5087686813,0.53185052276,-1.0,0.0,0.0,0.934956664979,0.748535867247,3.25937226388
17,8.79385337739,3.73638872798,5.25041092572,0.44170247792,-1.0,0.0,1.0,0.893133032532,0.81137302771,1.38280159849
18,6.04866073592,4.62328443711,6.8068003477,0.662789215755,-1.0,-1.0,-1.0,0.970962236918,0.660619341719,3.30735535149
19,4.2465058348,2.88364758133,5.41945942379,0.417200626969,-1.0,1.0,0.0,0.947780829957,0.550921238916,1.5625467867
20,8.90111185512,4.87425911234,6.09503340561,0.640935591868,1.0,1.0,-1.0,0.67977727869,0.720518795706,2.60267867139
21,6.42352108257,2.59103485087,5.4776197768,0.741482832442,1.0,-1.0,-1.0,1.2207901889,0.574250292874,1.06439156226
22,7.72335936695,2.78261366771,6.22490138577,0.485870112948,-1.0,1.0,-1.0,0.903313319377,0.759166728735,1.17761586141
23,11.4761937824,2.74763800911,5.26549377884,0.424818236954,1.0,1.0,0.0,0.890524107409,0.478047423226,1.24956127913
24,11.5144906422,4.55572670816,6.32160089339,0.43054145738,0.0,-1.0,1.0,1.27630375069,0.556395388657,2.54134596859
25,8.35603295468,2.81021310476,5.61339967516,0.491898957058,0.0,1.0,-1.0,1.10094099651,0.559436496202,2.95872490649
26,8.66116924594,5.28565913837,5.99995327936,0.600316401006,1.0,1.0,1.0,0.98503627612,0.639861886175,1.18744418611
27,9.29556522568,3.33499136832,5.71191690332,0.360364458889,1.0,0.0,-1.0,1.22527834409,0.391997725415,3.366719105
28,5.36465581898,4.20129181263,6.27322127115,0.560749888137,1.0,1.0,0.0,0.779525583581,0.779467588438,1.73554658419
29,8.96206645877,2.60199191495,5.4891246575,0.618208153281,-1.0,1.0,-1.0,1.22944964704,0.690509148687,1.92783405911
30,4.38022536248,4.50340319953,6.77363525093,0.49319357131,0.0,1.0,1.0,0.700878175995,0.277074001645,1.99898947598
31,8.17635584465,5.93446167846,6.84397225152,0.753547142646,1.0,1.0,-1.0,1.10527538172,0.29639223354,1.8627271039
32,4.98300709558,3.52172304148,5.0436683429,0.723201153854,0.0,1.0,0.0,1.12931928662,0.385677134361,2.73842665623
33,10.5337244588,2.83600531567,6.9808183513,0.5566000174,1.0,0.0,0.0,1.15162762182,0.384725216323,1.71444102982
34,5.47978201938,5.97144445803,6.21582022062,0.344077249806,0.0,0.0,0.0,1.28353042041,0.901871579085,1.83213103782
35,6.44408280893,4.25337343538,6.66705404096,0.461834077059,0.0,1.0,1.0,1.13591836663,0.609403407579,3.03945481834
36,5.27011248541,5.2273654951,6.52483832039,0.608986925373,-1.0,0.0,1.0,1.07628002311,0.586534534316,1.58418709446
37,5.71788591283,4.3341259561,6.51211042554,0.371838416921,0.0,1.0,1.0,0.998012429464,0.428945541854,1.67816025651
38,6.02121582128,4.57509528903,5.8927179135,0.459578284543,0.0,1.0,1.0,0.811694180439,0.357347370458,2.87680447732
39,6.85465217836,3.85064250923,6.70394572328,0.656006845712,0.0,1.0,1.0,1.05292006495,0.690883012608,3.33663900599
40,4.27078462962,6.11572181285,5.53046493551,0.69922431311,0.0,0.0,-1.0,0.775410499462,0.523898151853,1.18070553415
41,7.06231427291,4.68462272108,5.5916574965,0.706080725191,0.0,1.0,0.0,1.03231411795,0.679590559107,3.01483854286
42,11.4571503342,4.59179628139,6.03553573484,0.613409793693,0.0,1.0,0.0,0.91153366149,0.393962438904,2.38820535204
43,6.37131816906,2.77280042614,5.08574669869,0.515975512953,-1.0,0.0,1.0,0.790191540254,0.713153675044,3.38404516148
44,10.8703045133,3.67591506849,5.90887466548,0.402810302694,-1.0,1.0,-1.0,1.10735075569,0.329352497339,1.29080344586
45,9.96118154322,5.70741303418,6.40882327536,0.415566531039,-1.0,1.0,-1.0,1.34003368734,0.573929268737,1.07590326198
46,7.68077370363,4.96073344509,6.17469065363,0.385984259867,1.0,-1.0,1.0,0.87076530215,0.313778278937,2.59434055689
47,11.3681176303,4.00596130547,6.45617266621,0.679060792828,-1.0,1.0,1.0,0.740931629715,0.461402062766,2.47447241403
48,8.74099862205,5.31948406293,5.03906433293,0.340608086822,-1.0,0.0,1.0,0.865064062692,0.422964910542,2.42165979287
49,9.05520396914,3.41135335525,5.22872768254,0.55847800615,0.0,0.0,-1.0,0.810020633701,0.844817722059,1.40771508227
50,8.03468134257,6.09006884487,5.21283849807,0.743997163395,1.0,1.0,1.0,0.932643478358,0.623614873148,1.56952950333
51,6.32818902358,5.26211988992,5.81134344338,0.567751584341,0.0,1.0,0.0,0.862354327177,0.372841076649,2.57735918998
52,6.947694498,3.52999689056,5.39749185374,0.442612151527,1.0,-1.0,0.0,0.657433652742,0.522113996043,1.61037504779
53,6.58401713109,3.24113590237,6.49932502104,0.765249603456,0.0,1.0,0.0,0.713850986811,0.614554904284,2.3976236825
54,7.56604781505,2.36245805753,6.85062601818,0.528887479587,0.0,0.0,1.0,1.17568056571,0.87086548754,3.32708071026
55,10.9832418011,3.00640551447,5.00822244726,0.474388088886,0.0,1.0,-1.0,1.20518417445,0.703204183462,3.67429864055
56,6.07634075355,5.17878999759,6.05439192534,0.653298951956,0.0,0.0,0.0,1.09184549685,0.709050115103,1.48132057584
57,4.05352944053,4.11270587233,6.1969000802,0.363968107407,-1.0,1.0,1.0,0.802603368844,0.742920944522,1.26580419587
58,10.682067129,3.50922946139,5.46063027358,0.383577110592,0.0,1.0,0.0,1.11682684282,0.467036344621,5.95109535477
59,6.83995377947,5.65183413549,6.31283047625,0.752690208234,1.0,1.0,0.0,1.12543311714,0.509129769058,1.31860738933
60,4.88965589213,2.79841015945,5.71951758432,0.393155966323,1.0,-1.0,-1.0,1.03608788285,0.552011455147,2.90593472912
61,9.72776955249,5.92776182522,6.10109041904,0.489437731498,-1.0,-1.0,0.0,0.90197355783,0.694190650192,1.37299279247
62,9.03604746485,3.43331539574,6.99950423383,0.374919357044,1.0,0.0,-1.0,0.972856247009,0.583354399553,1.62602167089
63,6.54624922433,3.78290119418,5.3152116986,0.472940917458,-1.0,-1.0,-1.0,0.76256318534,0.553742445291,1.69285258976
64,6.6639238652,4.80610713211,5.03105050566,0.335022010711,1.0,-1.0,-1.0,1.08045722209,0.44603304255,1.80822548788
65,10.2069199774,3.88156465465,6.92099749456,0.553058905227,1.0,-1.0,-1.0,0.847556193333,0.854593652885,1.50394181235
66,4.18429160465,4.06431961063,6.76353354124,0.309848367093,-1.0,0.0,-1.0,1.15267252684,0.539876496595,2.0671926749
67,10.5781376715,5.68193295784,6.3526957966,0.628817273416,-1.0,-1.0,1.0,1.33339098386,0.425863723755,2.35341999856
68,8.40916894382,4.28146369318,6.91997451707,0.550250904396,0.0,0.0,-1.0,0.743039424595,0.69548872393,2.99759913425
69,8.43297784824,3.60986191962,5.67003458891,0.328215448326,0.0,-1.0,-1.0,1.12722073525,0.280618620684,1.78558876098
70,7.85106155217,2.78972399788,5.32521699287,0.41042980771,-1.0,0.0,1.0,0.860732430956,0.616673308362,1.49399021812
71,11.818217245,5.45696642412,6.47409032665,0.669044201552,0.0,-1.0,0.0,1.1536713844,0.377860169352,1.15522947689
72,9.26533329654,6.06096595684,6.67931627,0.617676520168,-1.0,-1.0,0.0,1.31794568353,0.848993905623,2.06287679511
73,10.1063542238,4.89563934919,5.89118261217,0.654982217921,-1.0,-1.0,0.0,1.14498567446,0.85683675649,1.68943763471
74,5.03299665107,4.03607800645,6.07049333182,0.434095410762,0.0,1.0,1.0,1.30171279812,0.33263495451,1.01447937615
75,8.25856840666,3.74184630133,5.22699544516,0.479638061942,0.0,-1.0,0.0,1.20277945349,0.519047813878,2.48066321455
76,8.44321365377,4.66986596859,5.82905365094,0.488587883749,0.0,1.0,0.0,1.25405211674,0.263100969005,1.76477954426
77,8.84373795834,2.4719899157,6.91301143744,0.555366564163,1.0,-1.0,1.0,0.840303102818,0.659150200117,2.81218883792
78,4.59111324961,3.75423547019,5.3777758415,0.416424946215,1.0,0.0,1.0,0.896657453332,0.764488090388,2.13714898786
79,5.30120615284,3.69719412933,5.88240595783,0.584872578398,-1.0,-1.0,-1.0,0.80685497471,0.741964266076,2.97826937471
80,10.2742653667,2.98717205944,5.79582476677,0.538167760879,-1.0,-1.0,-1.0,0.976456015728,0.627971961747,1.39798061958
81,5.60650525508,3.36507625328,6.68293919502,0.462743025822,1.0,-1.0,1.0,1.04935831364,0.906306368345,5.38290178048
82,10.4951988237,5.39984744689,5.42022761128,0.5884850853,1.0,0.0,0.0,1.02180101068,0.433409836868,3.74954490935
83,6.57143090338,6.02640994589,5.69053301439,0.548458652399,0.0,0.0,1.0,0.866688211278,0.898586881561,1.89048013317
84,10.354916868,2.2622331622,5.62441221287,0.499831269207,-1.0,-1.0,0.0,1.04684479626,0.668926937543,2.28446549503
85,9.7850367216,5.47122351047,5.67493647061,0.471095910542,1.0,1.0,1.0,1.0364529353,0.558065370279,2.0785292588
86,4.39378565033,4.13497189265,5.44721713799,0.457995953665,1.0,0.0,0.0,1.0673653998,0.436021260486,1.82785954597
87,11.5851559669,2.5826410882,6.52261839681,0.351475196653,-1.0,1.0,-1.0,1.12873356122,0.541139301188,1.95926669607
88,6.41169000077,5.86637206145,6.07833002084,0.680801819941,1.0,1.0,1.0,1.02399986034,0.572689995219,1.03017889412
89,5.97632191329,2.85094396453,6.78184159251,0.727569958637,-1.0,1.0,-1.0,1.08125620974,0.94036147336,1.72863000718
90,8.37151910991,4.02688909999,6.22059587974,0.306725918013,0.0,-1.0,1.0,0.851215438049,0.929289476513,1.855614957
91,10.4461770277,4.46480606845,6.19583944908,0.512366120769,0.0,1.0,-1.0,0.981056353161,0.813043403296,1.22871613969
92,10.8104467788,4.58236993084,5.50653053332,0.509481193711,0.0,-1.0,0.0,0.690677882629,0.458691277645,1.7390606683
93,8.10155484085,3.82013482163,5.90499271266,0.592815579839,1.0,1.0,-1.0,0.751381685359,0.647372477795,2.56998082439
94,8.1814877865,5.95924295725,6.38925335126,0.467837116655,1.0,-1.0,0.0,1.08512694118,0.714639958022,2.43458022258
95,4.85497405172,2.89413480501,5.69735308751,0.34731657855,0.0,0.0,1.0,1.06292134645,0.323152152259,1.39933827833
96,6.82051047919,4.48742275838,5.61086328799,0.407183162419,-1.0,1.0,-1.0,1.08795270074,0.4513236539,1.7138193249
97,4.65262794172,5.35257632698,6.0360440734,0.336831521285,-1.0,0.0,0.0,0.787424577414,0.644560360792,2.8042690327
98,7.34077206886,2.66483484553,5.9215460026,0.308049182383,0.0,-1.0,-1.0,0.904422270782,0.603086683189,1.69994248005
99,11.6272335721,5.0021024133,5.3910434279,0.672223664907,1.0,1.0,0.0,0.780268827546,0.503085943368,3.64353243086
100,8.58899847887,4.88706464149,6.76843117192,0.301795798669,0.0,0.0,0.0,0.99899097952,0.565593955608,1.4957896092
101,11.1555666368,5.19797742615,6.15467016963,0.645863303111,-1.0,-1.0,1.0,1.14429162405,0.730351303591,1.90401947473
102,10.737348086,3.80784165367,6.9891027384,0.305523951266,-1.0,-1.0,1.0,0.95917379399,0.370073545818,2.63655019651
103,8.30148205013,5.20931264731,6.47190813277,0.349379635098,1.0,0.0,-1.0,0.949154449554,0.53748644738,1.37852549433
104,10.9530909735,6.00514936274,5.66407835188,0.401138031631,-1.0,0.0,0.0,0.78228859381,0.475400210351,1.98882157296
105,8.07395428592,4.18201659443,5.41320615368,0.51689833269,1.0,0.0,0.0,0.792967723193,0.570945644631,1.61238557786
106,7.14730888827,2.67456821136,5.57977123069,0.590213522732,0.0,0.0,0.0,0.919058713219,0.685472905658,1.47692256601
107,8.76206904536,4.12133066493,6.42284034835,0.506330696495,0.0,1.0,0.0,0.705725778555,0.782626759098,2.11784379211
108,7.96163055313,4.05335927845,5.76707165097,0.239854783095,-1.0,0.0,1.0,1.03428617059,0.560080638893,1.75332162766
109,5.67238650245,4.39448733795,5.29377679876,0.388800912879,1.0,1.0,-1.0,1.31587558793,0.338436215365,2.48806764901
110,4.6889810178,6.00068468046,5.58727643298,0.398523221339,-1.0,1.0,0.0,1.11479315423,0.785907064054,2.04142123513
111,6.25798657755,3.4177268976,6.92980628747,0.385208356095,1.0,0.0,0.0,1.09569922105,0.734135659087,1.30185865152
112,9.63106228548,4.98642129483,6.72931217788,0.74560741876,-1.0,0.0,1.0,0.95891552805,0.66612693333,1.56828524162
113,8.22987233448,3.84901630722,5.78875392661,0.580166481166,1.0,-1.0,0.0,1.11268031713,0.599869700092,1.81847744839
114,5.66017180729,2.21583006145,5.50258735895,0.542961837623,-1.0,-1.0,-1.0,1.24765523715,0.326304502192,2.5007895417
115,6.22063726022,3.12044344246,6.97946482903,0.324702649337,1.0,1.0,-1.0,1.1462526218,0.492055434621,1.33786374576
116,7.60298244182,3.65367525239,5.4509018212,0.528510629456,-1.0,0.0,1.0,0.84371538641,0.773111599444,2.03251700443
117,7.25322361429,5.0289912715,6.38239923041,0.482653850764,1.0,1.0,-1.0,0.669558954864,0.627342543639,1.34117207311
118,5.69667364311,3.400748733,6.50727694248,0.603572819912,1.0,1.0,0.0,0.872406991846,0.577776320811,2.15545237241
119,7.91297940559,3.97781982702,5.63679293177,0.575809514739,1.0,-1.0,1.0,0.927657229401,0.890090702277,1.44394032162
120,11.2046834697,3.44532126483,6.31023035628,0.564524233812,-1.0,1.0,1.0,0.922539771708,0.411756717949,1.32839390762
121,11.8857779155,4.5241062656,5.73825478279,0.372649239952,-1.0,1.0,0.0,0.709683576082,0.732878999759,1.86863482992
122,6.6836712625,3.09158642976,6.27688243576,0.395856149371,1.0,-1.0,1.0,0.943064644009,0.635717194932,2.20063295256
123,7.10713732144,4.56754312342,6.58685700912,0.67667502966,-1.0,1.0,1.0,1.18957893343,0.830657867626,4.40424898314
124,8.28502665802,3.59898739273,6.71379632645,0.502352526138,0.0,-1.0,1.0,0.824146787632,0.705588236693,1.25680678943
125,6.76551423506,2.90950878441,5.1635079588,0.556259499462,0.0,0.0,1.0,1.0701498001,0.470428882513,2.3817246385
126,11.8298302943,3.39167670181,5.20406625674,0.594124979323,0.0,1.0,1.0,0.86000080905,0.820508311036,3.02858239278
127,4.89689568388,4.07853507169,6.7545022407,0.472197415354,0.0,0.0,-1.0,0.876895314588,0.738912221965,2.30056665844
128,8.65161744858,4.57292158818,5.06100541283,0.409366094974,1.0,0.0,-1.0,1.05771390887,0.769576919064,4.68764903377
129,6.05749792084,5.66624422752,5.66331071154,0.470330816496,-1.0,0.0,-1.0,1.24333970042,0.576096421955,1.20478622029
130,11.5585078703,2.50333148006,6.69809882196,0.549439056905,1.0,-1.0,1.0,1.32698623197,0.683663100629,1.88256071508
131,7.26076584308,2.71259858114,5.02474366143,0.428596726209,-1.0,-1.0,0.0,1.00222429138,0.778448387985,1.27864366022
132,4.10883080778,4.06897597697,5.85291017706,0.607940112909,0.0,1.0,0.0,0.899603293241,0.581977692834,2.08643708742
133,8.68820406918,2.65228603423,6.18663396662,0.332331929391,-1.0,1.0,-1.0,0.7558041727,0.72632921857,1.80294453717
134,9.18112452883,3.95958826286,6.12622395468,0.64858383623,-1.0,1.0,0.0,0.936243345385,0.653238604762,1.13782173462
135,6.51373980396,3.57071421541,5.00272821523,0.681200226159,0.0,-1.0,1.0,0.951246855664,0.879920986922,2.11919376881
136,4.55095288928,4.23540638327,6.14624302713,0.688381012443,1.0,0.0,1.0,0.895131251116,0.496607077109,2.12597763106
137,9.15545784934,3.65877001361,5.38668590992,0.348737961538,0.0,1.0,0.0,0.915365218181,0.375260838563,2.95131693892
138,6.34556098843,3.05835694349,5.81713113279,0.657430310291,1.0,-1.0,0.0,1.29317531425,0.512180063426,2.4929361602
139,11.396694951,3.93558332546,6.44686297653,0.623635604694,-1.0,1.0,-1.0,0.822183234711,0.51578109429,1.28280605158
140,7.98144501506,4.10264090954,6.61367541528,0.397186542263,0.0,0.0,-1.0,0.836457010465,0.544380433057,1.63268982502
141,6.91592875805,3.28392745042,6.94550879441,0.389977229268,1.0,0.0,1.0,1.01441364615,0.590727445202,1.99332736393
142,11.3426209176,6.07620313269,5.65753401596,0.759201075841,1.0,0.0,-1.0,0.828270182209,0.834752563232,1.74891998972
143,10.3265250292,3.06917978381,6.10586300851,0.323564616259,-1.0,1.0,1.0,0.727401553359,0.467408703796,1.46756586937
144,7.38779633309,4.8692781041,6.29097671972,0.505178571512,0.0,0.0,1.0,1.00519858855,0.46504804588,2.18409470757
145,4.94261404747,4.97209974551,6.79835042289,0.325804343226,1.0,1.0,-1.0,1.2642191655,0.287001447362,4.61567431674
146,6.20423595987,4.76715462605,6.23289533892,0.631285104155,-1.0,1.0,0.0,1.06921097051,0.49049296235,1.51881827042
147,7.42015429883,4.4810651794,5.75391346882,0.604796105741,0.0,0.0,1.0,0.994166657339,0.669871639984,1.35318149908
148,8.13018208362,3.16222811634,6.01396421803,0.430729233114,0.0,-1.0,-1.0,0.827313328223,0.362465961696,1.22069282909
149,8.7460313938,4.51861583644,5.24071048003,0.605579081304,1.0,-1.0,-1.0,1.00443985349,0.682123936019,3.29811362166
150,8.88248596081,2.28130246801,5.01557627819,0.333643016097,0.0,1.0,1.0,0.744819522874,0.540605521552,2.19805118044
151,11.969255328,3.16561720809,5.27095847223,0.51752696016,0.0,1.0,0.0,0.938625885539,0.66285454229,7.31187507127
152,6.48423178347,4.99779600344,5.49792113859,0.627547879328,1.0,-1.0,0.0,0.813642975274,0.943989505395,1.08045684932
153,8.53255385932,2.46722523104,5.84028243806,0.635769937413,1.0,-1.0,-1.0,1.07809461443,0.746755031988,2.92376716912
154,6.24457331273,5.64107451645,5.35424168445,0.234012927403,-1.0,1.0,-1.0,1.03941816674,0.716124387879,2.02423871842
155,4.79613235937,4.30075397267,6.35184966924,0.596528546494,0.0,1.0,-1.0,0.848813878469,0.327941611737,4.79296657121
156,6.72573274074,5.60533627247,5.97138858994,0.350311585974,-1.0,-1.0,0.0,0.764573374989,0.749674054133,4.16791576951
157,10.0292048425,3.53892275481,5.93281165426,0.638350267121,1.0,1.0,1.0,0.934113071645,0.75265532763,2.30460408412
158,9.8584689231,5.53961991542,6.60979759962,0.527667333569,0.0,-1.0,0.0,1.15433023049,0.426760143886,2.68893437857
159,9.1752853773,4.79409568091,6.3774455618,0.352712414735,1.0,0.0,-1.0,1.17658208891,0.543555751996,3.22975452276
160,7.93389348866,4.1117296692,6.56262204393,0.504003644811,0.0,0.0,1.0,0.999378237353,0.572237530677,2.40563956761
161,9.49928078548,4.77274812672,5.37238237693,0.453273446755,1.0,1.0,0.0,0.879380371115,0.751612892641,1.12686997014
162,6.00853326606,2.73564633,6.86760448812,0.695186475629,-1.0,0.0,0.0,0.689063950776,0.767596192593,1.84117270626
163,10.4309528293,4.31719111099,6.75187485661,0.303052541391,-1.0,-1.0,1.0,0.69811257076,0.617686720073,1.58865800516
164,9.89479190604,5.58336949889,5.36000048465,0.660744030104,0.0,0.0,-1.0,1.00336735916,0.563813994906,2.27261606922
165,6.35459185521,4.34951185747,6.59226445911,0.382978770122,0.0,1.0,-1.0,1.19381014903,0.290581550532,1.52836232149
166,5.14778699095,5.04002425384,6.543381747,0.296796787,0.0,0.0,1.0,1.18868983265,0.440075922115,2.7234101787
167,8.24245432315,4.64754966701,5.55903883181,0.361110299728,-1.0,0.0,1.0,0.874325124913,0.588757921062,1.4225741818
168,6.99566469857,3.00798296394,5.48747463537,0.612988739657,-1.0,-1.0,-1.0,1.1432156508,0.791900306775,1.41890600484
169,5.40005664081,3.36111926613,6.89299079198,0.446682902196,1.0,0.0,1.0,1.00046168799,0.60531050926,1.60272936987
170,7.28502667671,2.38275452881,6.64882380061,0.611660322944,0.0,-1.0,-1.0,1.10518541234,0.340488164423,2.65961668348
171,11.1907798648,3.15093614821,6.46223607998,0.606485432701,1.0,0.0,0.0,1.04042498183,0.738497795961,1.99502786495
172,7.08400111979,5.18901013155,5.23866793837,0.670793949463,1.0,0.0,0.0,0.754600644548,0.493511868645,1.66532682052
173,6.8913261091,4.05788062303,5.43462367722,0.497716475956,-1.0,-1.0,1.0,0.952837553046,0.488057222418,1.19637017765
174,8.81278286242,3.22734188605,6.46683254748,0.490338256182,1.0,0.0,0.0,0.777902461176,0.373619987031,1.1989258242
175,6.14049014652,2.81428684746,5.43925917548,0.541337357466,0.0,-1.0,0.0,1.19919632725,0.481169099646,4.94853004516
176,9.07384912828,3.33100767843,6.87580700244,0.487116801071,1.0,1.0,-1.0,0.946731622663,0.506098166803,1.27172087275
177,9.34560382335,3.57578294228,6.40767355384,0.70945059359,0.0,1.0,-1.0,1.32092489709,0.462168818001,1.85715388587
178,8.51219269954,2.398914599,6.59656604953,0.390971182627,1.0,-1.0,-1.0,1.21200032088,0.468927189908,1.57698575459
179,9.81843195072,4.29384755728,6.02353305469,0.426380171947,0.0,1.0,1.0,1.12455324884,0.632810860004,1.1146146026
180,10.0779018001,4.63157463811,5.34337255719,0.569411843198,-1.0,-1.0,1.0,0.97540159504,0.740259777584,1.59602341455
181,10.8962972172,4.61012967829,6.92629552311,0.471748395699,0.0,-1.0,-1.0,0.652190783487,0.594206680333,2.39077715392
182,10.1480704916,3.77127775348,5.27206211989,0.724252022703,1.0,-1.0,-1.0,1.17109523459,0.491449402019,4.71403635035
183,4.76770741592,4.65955182825,5.40234230104,0.571529259124,1.0,0.0,0.0,0.930344738089,0.431370394444,2.16684832082
184,7.83366560933,4.91114774601,5.01852550823,0.579858162673,1.0,0.0,1.0,1.10899303383,0.679372580538,1.34395379335
185,6.9231148019,3.34978369985,5.06486515703,0.486060560515,1.0,1.0,0.0,1.06252675465,0.86128574848,1.88437973397
186,7.95875685141,3.62155887104,6.21061722482,0.674759018119,0.0,1.0,0.0,0.81921802306,0.686687744445,2.67772789427
187,5.82641311881,2.18558422485,5.46403195596,0.762441553657,1.0,0.0,1.0,0.947127062668,0.497718442848,1.54425622354
188,11.6905187486,4.59483445889,5.31142557581,0.274485468439,1.0,0.0,-1.0,1.07438693762,0.607294363306,1.87632196511
189,10.7796053487,4.24119364296,6.69243668688,0.535527417861,0.0,-1.0,1.0,1.14826120731,0.533388534491,2.7474200777
190,6.10955411556,3.04419050853,6.13074792301,0.312620246203,1.0,0.0,-1.0,0.940365033784,0.62969988134,2.18926827027
191,5.60467899277,3.59006806446,6.37120559384,0.420962165067,0.0,1.0,1.0,1.05192038966,0.629066946968,2.10297651536
192,6.74934480638,5.3943515695,6.13819310704,0.268955660017,0.0,-1.0,1.0,0.961496264585,0.366101072019,1.97833791823
193,5.38721869699,3.76469924957,6.24478942012,0.422914970542,-1.0,0.0,1.0,0.841119808362,0.419405978157,1.4102623328
194,9.99888351649,4.31074387519,5.75650628849,0.504295112172,1.0,0.0,1.0,0.831118544273,0.677267848005,3.79219963355
195,8.54054025835,4.85390923484,5.5320759317,0.652617374508,1.0,0.0,-1.0,1.02428975182,0.78755327587,1.43474568217
196,10.7504079263,4.74743070227,6.3723063983,0.358141449371,1.0,1.0,-1.0,0.908334277077,0.506801476956,3.46339634247
197,8.46499542211,2.70492899328,5.07005468975,0.313123862157,-1.0,-1.0,0.0,0.789614698591,0.683318059008,1.37189880284
198,6.53764611954,4.12569554597,6.11804848755,0.43196075701,0.0,-1.0,0.0,0.965181585662,0.45931617122,1.24649885678
199,7.88306400072,3.80471241697,5.17791888406,0.277079345098,-1.0,0.0,-1.0,1.20126460107,0.672766793858,1.4690850969
200,7.17273045318,4.60524564144,5.9774038134,0.392359169546,-1.0,-1.0,-1.0,0.837676557019,0.555705998981,2.32611680086
201,8.11656251352,4.81222728842,5.61604758841,0.51809424499,0.0,1.0,1.0,1.24546340516,0.833828977347,1.09103144568
202,6.59444628506,3.63992504669,6.88039758549,0.708221819533,-1.0,0.0,1.0,0.926955123001,0.658048956376,1.2939363936
203,9.2106321043,3.55147438368,5.9296379477,0.626194754582,0.0,-1.0,-1.0,0.969226874156,0.471094162381,1.46479312472
204,9.13261215495,2.3086505891,6.96169814012,0.542455479955,-1.0,-1.0,1.0,1.1705442858,0.612056181734,1.91431052631
205,8.19627701461,4.70291546984,5.77985408437,0.547880877125,-1.0,1.0,1.0,1.09053213991,0.718435756392,6.20231329866
206,11.0831163397,3.30269530863,6.56406943155,0.736599527152,1.0,-1.0,-1.0,1.04983854145,0.69590269875,1.61631551313
207,4.52616222892,5.07178235183,5.2918700344,0.7160696483,1.0,0.0,1.0,1.18736695315,0.575926153397,2.29065505278
208,8.01014758844,4.21433208899,5.35780745487,0.424304327116,0.0,1.0,-1.0,1.02234634799,0.530514225859,1.55837824509
209,7.4732820687,3.13075657418,5.69326129344,0.621357407577,1.0,-1.0,-1.0,1.04398826016,0.776441251711,2.70671534927
210,7.33005666534,2.5780705111,6.96761754679,0.419463266462,1.0,-1.0,-1.0,0.913559096055,0.581298682077,5.03672139691
211,7.21882493692,5.16556407498,6.3447065254,0.599810597975,-1.0,0.0,-1.0,0.769199811931,0.692212358984,1.19335659891
212,4.00467891787,4.75627014816,6.93798179979,0.594842137464,-1.0,0.0,-1.0,0.89729113664,0.753493253575,1.4894384728
213,11.4433898056,5.13059120191,6.18103907861,0.436306510797,-1.0,1.0,0.0,0.95550674571,0.485169632511,1.76714565107
214,10.2612390451,5.91865712468,5.38235527048,0.368362026693,0.0,1.0,-1.0,0.91998019804,0.564665049088,1.93506567621
215,10.3830454843,3.45278266989,5.33866005545,0.342771493852,0.0,0.0,0.0,1.21420183699,0.309528104664,2.55027134777
216,11.7831557851,5.75904965173,5.6071074813,0.540685069283,0.0,1.0,0.0,1.26244180659,0.403884688614,4.2693999853
217,9.02239987061,3.68548672755,5.94878988538,0.480997949622,-1.0,-1.0,0.0,1.02686927086,0.809570709371,1.28566824227
218,11.0360960741,4.5377186527,5.14476543499,0.673356650702,1.0,-1.0,-1.0,1.0352023964,0.714872772975,2.00973035623
219,4.95729208114,4.66255899838,6.04986220263,0.763942478918,1.0,1.0,-1.0,0.939798080061,0.486517705972,1.39072609724
220,7.72791450032,4.44395131144,5.50879543056,0.747838758936,-1.0,0.0,-1.0,1.13876725354,0.645317555017,4.08779194516
221,6.97631042227,3.61826944117,5.11070973148,0.602576661683,0.0,0.0,0.0,1.23571379809,0.589654146811,3.11306749888
222,11.0905502537,3.87981346438,6.67516411458,0.329014591353,0.0,1.0,1.0,1.19102110126,0.786384191404,1.20982185801
223,9.98778549781,5.71892504736,6.4189425729,0.44269229915,1.0,1.0,-1.0,1.23294672468,0.478865178218,1.89345166654
224,11.5487065414,3.45925611738,6.31993990667,0.586389296709,1.0,0.0,1.0,1.24343212868,0.259126710661,2.05199355306
225,7.09133461177,2.61333110596,5.0927922628,0.380175593646,1.0,1.0,1.0,1.26854035489,0.665155152321,1.12071846305
226,9.33591466524,3.01692450121,6.62938583613,0.363481211707,-1.0,-1.0,-1.0,1.07929700319,0.717144200375,2.89396801167
227,7.81794045663,2.33733100162,6.14338817061,0.257652833078,0.0,-1.0,0.0,0.994857849909,0.864376542656,2.86128094939
228,5.55089293611,4.34074986201,6.6350676997,0.355080508534,0.0,0.0,0.0,1.28208419206,0.306590505121,1.13195340181
229,9.41944908043,4.22192559293,6.47647179897,0.664761275501,0.0,1.0,1.0,0.995914511457,0.441495160881,1.31478343186
230,4.9154894278,3.17418668306,5.82560893057,0.251033724907,0.0,1.0,0.0,0.942081620239,0.719711458009,1.5553451028
231,11.2466174922,5.74967780862,6.0403515008,0.577429154679,1.0,-1.0,1.0,0.989345077043,0.686190578353,2.70910187016
232,8.86481158726,4.00809293588,5.77517791101,0.491353933269,1.0,-1.0,-1.0,0.921925678705,0.798722577697,3.20042478426
233,11.0133916219,3.99042503373,5.91996427562,0.387492039148,-1.0,1.0,-1.0,0.944588495983,0.536451141108,1.86564921445
234,7.62335203524,4.21134296309,5.44184573725,0.561772332109,0.0,1.0,0.0,1.04483120009,0.64839903436,2.21632290269
235,5.04926791155,2.44830403538,6.44039321136,0.692838705397,0.0,0.0,0.0,0.985747838627,0.388968361625,4.22949289215
236,7.57673080203,2.89959274095,5.47000564449,0.267300840749,0.0,0.0,-1.0,1.07307541066,0.723136979808,1.955338743
237,4.75997200626,4.15180028466,5.15756047727,0.566329997749,0.0,1.0,1.0,1.14038940435,0.806716136214,1.5756666461
238,7.68512587721,2.86128375212,5.52179261059,0.451069105057,0.0,-1.0,0.0,0.888978606676,0.501062974228,2.45078211195
239,8.82407957699,4.51007138507,6.01890954903,0.411491939386,0.0,1.0,1.0,0.852028335585,0.620819479035,2.79054935428
240,7.40079588827,5.37706867243,6.61799266334,0.598130146784,1.0,1.0,-1.0,0.957443180236,0.766546187439,1.62003226104
241,5.86715127188,5.50213363186,6.90399786652,0.367639524264,0.0,0.0,1.0,1.12028575567,0.400989502213,1.92100806494
242,5.93489865688,3.49156432712,5.98313347816,0.494924045885,0.0,1.0,0.0,1.16801143225,0.364401534997,2.53227144995
243,4.47008171845,3.2803731282,5.63333729645,0.587820439587,0.0,-1.0,0.0,0.799694461383,0.672305955112,1.41664410476
244,8.35710435932,4.72405351009,5.78335054355,0.244767597013,-1.0,1.0,-1.0,1.08157126737,0.759947681561,3.26819586801
245,9.19766194016,3.84139804409,5.97534614692,0.534452993293,-1.0,-1.0,-1.0,1.09412223448,0.805052233836,1.3054869706
246,7.87664514138,5.04705863947,6.7573063636,0.377829234093,1.0,1.0,0.0,1.2938381169,0.417910505772,1.0511894675
247,4.29810581083,3.3713585511,6.04641707587,0.478216120875,0.0,0.0,0.0,1.32522826023,0.568778215882,1.67307480172
248,7.32478363924,5.11004499845,6.68447522846,0.58094359525,0.0,1.0,-1.0,0.682402480462,0.303630331282,2.23753443021
249,9.88253775074,3.18177689234,6.16095134045,0.376137701442,1.0,0.0,0.0,0.974509609135,0.916592583391,2.79497614681
250,9.51928567919,5.83184427354,5.64149097182,0.476108866122,-1.0,0.0,1.0,0.839220395677,0.655619876623,2.78209118634
251,5.58258151013,5.78522316211,5.96593282239,0.332175659496,-1.0,1.0,1.0,1.05958532473,0.710848392872,1.64021503304
252,4.73965626594,4.83316929085,6.71000029997,0.34611764467,1.0,0.0,0.0,1.00601514046,0.600093543508,2.16228432188
253,5.89582611979,4.31877727035,5.8123516026,0.454708040439,-1.0,-1.0,1.0,0.898275554636,0.680958010599,6.33351839318
254,8.63321553412,3.94475192136,6.74507363924,0.2899680287,0.0,-1.0,0.0,1.34706768909,0.641381244722,1.78927834308
255,4.13735287443,2.45329706308,6.16498402495,0.476876415529,1.0,0.0,-1.0,0.857192377482,0.822807423705,3.562025645
256,10.8876612204,6.14201881511,6.29835646702,0.281895928219,-1.0,0.0,1.0,0.908842449494,0.545615572946,2.84077322005
257,8.97075723573,3.54234359516,6.15726583305,0.418226286781,-1.0,0.0,1.0,1.09296136937,0.634348170651,1.55045091945
258,10.8258084687,3.82902872159,6.30338216137,0.521961136653,-1.0,0.0,1.0,1.07684456034,0.877065050428,2.07533633375
259,9.58154826592,5.09062064637,6.20755643236,0.4788398586,1.0,1.0,1.0,0.964222326439,0.579877399996,2.09143711682
260,7.7906015114,3.92207807065,6.95419614739,0.757826434425,0.0,-1.0,-1.0,0.931434111831,0.597518385883,5.68735926537
261,7.99708934716,3.1130085205,5.70429941184,0.532721758826,0.0,1.0,1.0,1.08689618928,0.483358930371,1.67082558106
262,11.8997364973,6.129795086,6.86314303977,0.694136932234,1.0,1.0,0.0,0.941704648052,0.678254516256,1.05660530334
263,6.80687435497,3.48018618781,6.33616589527,0.359560096389,-1.0,0.0,-1.0,0.694885236408,0.501565483005,1.06061245237
264,9.61583242688,4.08493658555,6.53103338664,0.371030654637,1.0,0.0,0.0,0.716407294454,0.824083072806,1.89939708403
265,9.91382022457,4.69281429252,5.13562007035,0.317930119679,-1.0,0.0,-1.0,0.702325424335,0.643455524665,2.31109923482
266,8.9886126709,4.8312782494,5.19320315141,0.668040403814,-1.0,0.0,1.0,1.15831558906,0.380086798666,1.90653091408
267,4.08206099039,2.64722183151,5.45503156102,0.477673655048,-1.0,-1.0,1.0,1.18139383024,0.447184705632,1.36583356321
268,7.49631842941,5.01766135776,6.93577361651,0.644657858307,-1.0,-1.0,1.0,0.977775870017,0.449672688259,2.69440248447
269,11.31917206,4.28065584862,5.52562276907,0.495782747896,0.0,0.0,-1.0,0.796726768288,0.517947583458,1.60633853635
270,4.22150731625,4.50580676782,5.94725567422,0.64903957478,-1.0,-1.0,-1.0,0.726089538372,0.704864182035,1.97302051527
271,10.3654084117,3.47013284197,5.19097815498,0.291538299666,-1.0,0.0,1.0,0.893810595568,0.408652376624,1.48369953007
272,10.3957138206,4.03888180455,6.00522223798,0.625505068691,1.0,0.0,1.0,0.977894077197,0.688412027675,1.15781202151
273,7.6563108698,3.79114384333,6.77969282706,0.3194466555,-1.0,0.0,-1.0,1.22391824618,0.382171237717,1.79344856891
274,7.63892735414,3.55660649853,6.72317193231,0.460468896618,-1.0,-1.0,-1.0,1.0381578984,0.610312202357,2.0838560391
275,11.6694412868,4.40671943741,5.79682069279,0.550966957324,0.0,-1.0,-1.0,0.793877927181,0.527135095073,2.41757014217
276,5.89000990808,4.43787517275,5.04967733075,0.286404324898,-1.0,-1.0,1.0,0.954666603827,0.673934565145,1.30699175345
277,8.47013342479,3.38688012537,5.7223963987,0.691244701031,0.0,0.0,-1.0,0.952129545523,0.654208638154,1.36290958676
278,4.53684913769,3.26332563146,6.95958733154,0.524866615099,-1.0,-1.0,-1.0,1.11757946917,0.529237419182,3.76982698637
279,8.68630229464,2.23105756707,6.57643345651,0.412039131691,0.0,-1.0,0.0,0.992381678959,0.602246386553,2.13203440179
280,4.32193681146,4.08933902797,5.17270632982,0.561235968104,-1.0,1.0,-1.0,0.921087696095,0.701965891666,1.97196074978
281,7.77499437484,4.9818495994,5.07885625531,0.404314852113,-1.0,1.0,1.0,1.17227112847,0.859517766182,4.30022212256
282,5.51976752248,5.35418685806,5.72657386131,0.731772445205,1.0,-1.0,1.0,1.21145682609,0.671190507418,2.36763684428
283,7.93082239592,5.07914286461,6.11015347683,0.345217133436,1.0,1.0,1.0,0.767342796676,0.755432883438,2.75274057079
284,6.88890648709,5.29907327019,5.0325268629,0.570396100772,1.0,-1.0,1.0,0.887434118106,0.498167713198,2.26655185315
285,5.08739790905,2.55606224466,5.54328612149,0.557713143149,-1.0,-1.0,-1.0,0.915563760465,0.583876744254,3.71255065091
286,9.97094781915,2.63766238427,5.14234216892,0.45235116748,-1.0,-1.0,1.0,0.928564234063,0.808064893703,2.84894165357
287,11.21869881,2.72077867399,5.05206769475,0.633959012021,-1.0,1.0,-1.0,0.735135042918,0.455831313002,2.2432922301
288,6.43822251448,5.36525733145,5.16788850963,0.394191362026,-1.0,1.0,0.0,0.858227882093,0.57966681725,3.48656439407
289,7.30224849746,2.74337792605,5.85925981301,0.466706878948,-1.0,-1.0,-1.0,1.08901192723,0.420118743474,1.25143043689
290,5.16876854702,3.05607869533,5.73272118249,0.620314067986,0.0,1.0,-1.0,0.873003392747,0.509748208779,1.36057498228
291,7.28181075573,5.68886753264,5.57456875761,0.573065494705,0.0,1.0,0.0,1.17970640119,0.454350277065,1.38146791213
292,6.6422793211,4.35404167476,6.48668009707,0.639223155193,1.0,-1.0,0.0,1.06804960014,0.783533940485,1.18343592229
293,10.219570074,5.28130226301,5.3202299395,0.582818790602,0.0,0.0,-1.0,0.749732773931,0.454523303791,1.45311711488
294,5.49909315933,3.47245531836,5.18021397213,0.321763650608,-1.0,0.0,0.0,1.10987510622,0.839186744906,1.45894961493
295,6.39436439866,4.64065480326,6.06530111265,0.484833455243,-1.0,0.0,0.0,0.990463385995,0.432829684568,1.16268886814
296,8.34255560691,4.37972190504,5.74251990633,0.641925247476,-1.0,1.0,0.0,0.878340586707,0.448742380977,2.04632642289
297,6.73661568643,5.85072348247,6.35751930817,0.378652704372,1.0,1.0,1.0,1.17476190564,0.44234289381,4.53447329525
298,8.38866802879,3.86163573361,5.09808003004,0.384417312693,-1.0,0.0,1.0,0.798277156237,0.591855336438,1.64909951341
299,9.46527869684,5.37948173617,5.87251923963,0.355868403307,0.0,0.0,1.0,1.30066763884,0.49572985762,1.20589684851
300,8.93037739478,2.62880350002,6.2937565965,0.263717373536,0.0,-1.0,1.0,1.03278162507,0.731651841748,1.58195609624
301,9.59191784769,2.17014463287,5.29940870286,0.702114987057,0.0,-1.0,1.0,0.945473815111,0.700466230763,1.15217977531
302,9.77433155023,2.12426469129,5.76208803397,0.714455631057,1.0,0.0,1.0,0.973697098118,0.638302328355,1.72173082598
303,9.31098681711,3.50353456217,6.32720884751,0.447230895437,1.0,1.0,1.0,1.11256932942,0.626608482117,1.59904447779
304,8.15793632914,3.38055862717,5.58103666589,0.451453359375,-1.0,-1.0,0.0,1.09839927071,0.424838810026,1.91012525687
305,7.90027273301,4.25644826205,6.84785252373,0.576700453909,1.0,1.0,0.0,0.730551743501,0.642335043625,1.5404647486
306,5.99087953084,3.79759183032,5.33564478822,0.242854987471,0.0,0.0,1.0,1.30591988971,0.886126066683,1.32300312807
307,9.45510828109,3.13829801672,6.55438740382,0.466121653364,1.0,1.0,0.0,0.891000192052,0.591133001299,1.14378823576
308,6.61518078701,5.42315057481,5.56248700114,0.449916120692,1.0,1.0,1.0,1.04283209995,0.668077486648,1.70845101112
309,5.79342805191,5.05612126381,5.6761985747,0.283355876811,-1.0,-1.0,0.0,1.10680119007,0.568127709588,2.05269054833
310,9.6346543912,3.08698242997,5.21887005512,0.407928316129,0.0,0.0,0.0,1.06022398495,0.435525784357,2.01775077886
311,11.980722876,4.86534228254,5.98959104346,0.27306134032,1.0,-1.0,0.0,0.970145081746,0.368633385025,1.87322937444
312,6.87247847508,4.09730204643,6.26916412086,0.748441510652,0.0,-1.0,1.0,1.00796633829,0.362260705783,1.53596987556
313,10.3359140047,5.43375698849,5.12927349487,0.514453501263,0.0,1.0,-1.0,0.935442333203,0.62307104381,1.74429943738
314,11.7317000936,4.71187471448,5.39352919216,0.493560546016,0.0,0.0,0.0,1.06668002505,0.91228453034,3.59062066681
315,6.27505837041,2.43500824417,6.98527125198,0.636146396461,1.0,1.0,1.0,0.833935289853,0.618793652735,2.20509559075
316,9.47078113775,4.75053675684,5.68136666931,0.260729354694,0.0,0.0,1.0,1.25903977143,0.632146894923,3.09227423254
317,11.3077655756,2.41652387035,6.62548865609,0.437694003894,1.0,1.0,-1.0,1.11149624276,0.555040630172,1.08796639154
318,6.77747556593,3.43888993814,6.8204486555,0.532996559646,-1.0,-1.0,0.0,1.26076857653,0.55863550923,1.25969215193
319,5.34704317572,2.96830215396,5.20852201611,0.616140968606,-1.0,1.0,-1.0,0.815389232548,0.607985391282,2.00502943892
320,8.08789135759,3.09935723596,6.57292165852,0.433126096056,1.0,-1.0,1.0,1.01881559491,0.407635103963,1.07027418255
321,4.72163359197,5.1212868875,6.55885352078,0.315369434248,1.0,0.0,0.0,1.0072664773,0.81769455708,3.06985158773
322,6.65383252066,5.30380928847,6.87134736108,0.398212594657,0.0,-1.0,1.0,0.967629633811,0.410663790647,1.52435938956
323,5.74576157236,3.83135614504,6.64399273783,0.395410298189,1.0,0.0,1.0,1.27915263157,0.406621645524,4.13705209574
324,7.43355434366,2.9659453427,6.48001369589,0.400992932467,-1.0,0.0,1.0,1.13486996447,0.657033244244,1.03863459186
325,10.6036795598,4.41267308602,6.30424625077,0.375958618515,-1.0,1.0,1.0,0.881407799281,0.599059894362,3.89451576884
326,9.403507217,4.29087454742,5.49559105253,0.545121928354,0.0,0.0,-1.0,0.875519265134,0.745029464572,3.27409027052
327,4.87263460595,3.99973891943,6.62350597737,0.456024124943,1.0,1.0,-1.0,0.979940849855,0.83718921822,2.13949748412
328,6.62481456309,4.61685869276,6.59058560645,0.583968078503,0.0,-1.0,-1.0,1.15048959419,0.731525694897,1.69975523576
329,5.57075058755,5.84363375543,6.6558099485,0.685449206691,1.0,1.0,1.0,1.01724170387,0.873319946409,1.17512901954
330,11.7010699802,3.25747754136,6.36109131649,0.553487509523,-1.0,0.0,-1.0,1.12054368776,0.631453388042,2.15301929637
331,10.4766347008,4.01985837725,6.88766802042,0.326825357914,-1.0,-1.0,0.0,1.14780661486,0.746956815143,2.8722488012
332,10.7917406631,4.17767217017,6.53367752846,0.565415009849,-1.0,-1.0,1.0,1.08328507214,0.397194906797,1.62877084338
333,4.61184035459,5.6122700028,6.99472167081,0.474642109915,-1.0,1.0,0.0,1.12612433663,0.620188905761,2.45886617133
334,7.01225252124,2.51206517713,6.68964984444,0.696384089208,1.0,-1.0,0.0,1.20981472981,0.399391209355,1.39216649815
335,8.56899757164,5.34079445889,6.8345321039,0.675118430118,-1.0,-1.0,-1.0,1.072351752,0.514362410852,1.24293205303
336,9.84107775989,5.51447599665,6.28601315875,0.496706936288,1.0,-1.0,1.0,1.10165618598,0.881093081343,1.98264934961
337,9.49465992063,5.89808586432,6.12269007973,0.511109132504,1.0,0.0,0.0,1.01306789104,0.512600337299,2.42818987539
338,10.5624968009,4.73901383983,5.25985584503,0.404912349261,1.0,-1.0,-1.0,0.849549323807,0.801772748866,1.1690196724
339,6.32275489859,3.94314661723,6.26794406424,0.439366674523,0.0,-1.0,0.0,0.783656204923,0.797434109221,1.84885062818
340,4.1747311179,4.53181439416,5.42651667478,0.721266965861,-1.0,1.0,-1.0,1.03033056996,0.480621028108,1.81021606951
341,4.19951127349,4.92453530909,6.26384024957,0.454370177511,0.0,1.0,1.0,1.31007785836,0.438451764312,2.92841678913
342,9.56558084829,5.7330590796,6.18962997265,0.705646967495,0.0,0.0,1.0,0.966029602198,0.922234486391,1.49908696217
343,5.00260369726,5.53027713688,6.79434361812,0.44568508258,-1.0,1.0,1.0,1.15622560802,0.840318767824,1.67655620252
344,10.5231629487,4.19234695616,6.0749599901,0.249739628893,1.0,-1.0,1.0,0.659293625986,0.611351334353,1.52970026511
345,9.38188471591,5.89194530392,6.9718084261,0.575320038055,-1.0,0.0,-1.0,0.842214287251,0.841674188081,2.2571874321
346,10.0545747325,4.7312767637,5.84748313008,0.339084777412,0.0,1.0,-1.0,0.906605848052,0.348952772948,2.17588802473
347,6.11547903118,3.91038879471,6.17131843393,0.589429720256,-1.0,0.0,1.0,1.31064506924,0.50482966543,1.09741558913
348,8.95186731239,4.96100581215,6.39978492469,0.682384531264,-1.0,0.0,-1.0,0.960764014866,0.652456256894,1.42542164526
349,7.13448955385,2.9378758138,6.02561671455,0.429227554018,0.0,0.0,0.0,1.25000431482,0.780433925252,2.58522075252
350,6.28073974675,4.7192242015,5.48394008551,0.247430187916,1.0,-1.0,1.0,1.05617253528,0.252336814582,2.82339586761
351,5.06086304224,5.3279621466,5.10013432924,0.463355944316,1.0,-1.0,0.0,1.21602782888,0.657003819034,2.47146364355
352,9.26910961598,3.19649903007,5.25528605467,0.408681748209,-1.0,-1.0,1.0,0.785877026927,0.542148174838,1.13486026193
353,10.702022589,5.79087913473,6.7671658253,0.601210310326,0.0,0.0,-1.0,1.09156015647,0.56126722671,1.44792525031
354,9.14455535023,3.98394689311,6.94806310575,0.271723321572,-1.0,0.0,0.0,0.926174031003,0.675755423577,1.7730132306
355,7.17817619948,2.37398703356,5.0568424089,0.523371356626,1.0,1.0,-1.0,1.09690486452,0.390102585357,2.31417802565
356,5.73484374727,3.96976078937,5.2865076727,0.659653099167,1.0,1.0,0.0,1.13693909977,0.319255344795,3.85047072195
357,9.39028621583,3.27042310124,5.74705057738,0.427829901083,0.0,0.0,0.0,1.25581027523,0.29933937082,2.06156692557
358,9.70639325448,3.89384483042,5.07540015569,0.666106160955,-1.0,-1.0,0.0,1.08577634951,0.520548407093,2.3327514866
359,10.0224484167,2.94992749658,5.27650273115,0.507269100339,-1.0,1.0,1.0,1.16641630046,0.80355661896,3.14799949491
360,8.71103778166,4.65218351084,5.08962586529,0.330792366976,1.0,1.0,-1.0,1.04199338711,0.652159360007,5.22303721435
361,9.23182217425,5.49837067457,5.65455516016,0.686712572341,-1.0,0.0,-1.0,0.746938701811,0.510713869672,2.56595158232
362,8.06635114473,3.91785660808,5.24536809515,0.298518535636,0.0,-1.0,-1.0,0.916787328605,0.284067863941,2.76342190269
363,10.8455919081,2.99237838893,5.31668670256,0.25318304197,-1.0,1.0,0.0,0.820047443254,0.605697434472,1.43625278378
364,5.94782194279,2.14909810075,6.81052556775,0.54040864918,-1.0,1.0,0.0,0.801235688931,0.707978262789,1.10160249603
365,7.03988995767,4.32749532619,6.60658916025,0.661121332168,0.0,0.0,0.0,0.891966936997,0.775304737473,3.11994116429
366,11.7669087429,4.35691537529,6.60083383764,0.733501494203,0.0,1.0,0.0,0.867727945755,0.528081653743,1.35748975473
367,10.2986843488,4.36706230475,5.3643508519,0.535420634538,1.0,-1.0,1.0,0.856695232969,0.346488243211,1.93958422027
368,9.04525442266,5.62659599122,6.83666660884,0.700413532511,1.0,0.0,1.0,1.33601566645,0.416199267271,2.21172934285
369,8.59266174839,3.59329147126,6.54894239864,0.285118866866,0.0,1.0,1.0,0.963003634159,0.254351134676,2.99999799348
370,5.19211247423,2.82188462896,5.15443555027,0.642789685556,0.0,-1.0,1.0,1.11541662466,0.351972750749,3.53910847374
371,11.6338346237,4.16101288032,6.24224402443,0.403502350561,1.0,1.0,0.0,1.18264775517,0.789322695588,1.83121085117
372,8.71576327574,5.23538737063,5.90143075434,0.529725463326,0.0,0.0,0.0,0.835494455597,0.52993942133,3.69450365228
373,8.31657091705,3.71426377562,5.71316670625,0.7126569705,0.0,0.0,1.0,1.04143510355,0.472581308263,1.42988890234
374,7.05646976448,3.95065789047,5.20217016464,0.259443348689,-1.0,-1.0,1.0,1.18446690144,0.549025999865,1.93014504242
375,10.4169802526,4.24965224441,6.80258540738,0.511951791097,0.0,0.0,-1.0,1.07098881517,0.729082537879,1.76106839142
376,11.4145235692,5.4887185123,5.56670770537,0.690753894097,1.0,1.0,0.0,1.28948008614,0.735733614743,2.2213682518
377,5.11222128151,3.4269633608,5.95246975369,0.420636822533,0.0,-1.0,-1.0,1.1320946478,0.403018094863,1.79777802301
378,6.97012836313,2.93238797605,5.80260445765,0.63450948564,0.0,0.0,0.0,0.683403109351,0.772208889962,2.27583419549
379,6.14947836095,4.85138852407,6.0904670211,0.719045912315,0.0,1.0,1.0,0.938086194885,0.517152876606,2.72462132417
380,7.23300473915,5.59034522925,6.81383343095,0.539447259551,0.0,0.0,-1.0,1.00175302934,0.92501606562,1.8231269351
381,10.9143968705,3.75573609021,6.36653479539,0.725501253073,-1.0,1.0,0.0,1.0460479936,0.648979070071,1.68807729961
382,10.4788488196,5.52752399572,5.18790609851,0.366143092521,1.0,-1.0,1.0,1.20601522034,0.386816729921,3.82802414642
383,10.6422052474,2.84720022351,5.94225450108,0.740026003556,1.0,1.0,0.0,0.879677262221,0.909670475184,1.33378350198
384,7.49046204938,3.2900575422,6.64473986739,0.483804099897,1.0,1.0,0.0,0.905404148634,0.637302732682,1.83621891155
385,7.19876369265,5.06242028842,6.13219667952,0.55907497446,0.0,1.0,0.0,0.822499117764,0.899074304368,1.27251541854
386,8.42127035861,3.87271852669,6.28070049754,0.637922465403,0.0,-1.0,0.0,1.29822196079,0.437602054117,1.50823223924
387,5.23587811116,2.69989841227,6.97433687404,0.498909803914,1.0,1.0,-1.0,1.10263894803,0.61607522061,2.50868819984
388,10.1250016919,4.1448804838,6.32967351196,0.615456737948,0.0,0.0,-1.0,0.738185933593,0.35623716837,1.73047891046
389,10.243873175,3.31801775799,5.37019023595,0.684251107267,1.0,0.0,0.0,0.954053898318,0.546625981629,4.35835330276
390,7.44660880136,2.29601313717,6.08063377449,0.590977658208,-1.0,0.0,-1.0,0.986277680576,0.61568960194,1.33014523061
391,4.82980664227,5.00927574842,5.64918965888,0.369265051008,-1.0,-1.0,0.0,1.05853773701,0.413192176142,2.34795548381
392,7.37818469622,2.95827228326,5.26024956127,0.508023002732,0.0,-1.0,0.0,1.04797315783,0.846268298722,3.59740755895
393,5.30995064669,4.93685983076,5.84921064902,0.630448306007,-1.0,1.0,0.0,1.05454636407,0.550368631522,2.93726100071
394,8.83392432358,5.69649205863,5.93717301301,0.279321585444,1.0,-1.0,-1.0,1.0212214676,0.736386495669,3.06411358633
395,4.44972131102,4.41423057244,5.86831814428,0.459107970583,-1.0,-1.0,0.0,1.0288550788,0.601398582017,2.60686146104
396,6.71725849681,4.0151356759,5.08286649951,0.388280484558,0.0,0.0,1.0,1.2714305129,0.346738532872,2.17863550443
397,6.08294626018,4.54861798137,6.50378929049,0.581758660134,0.0,-1.0,-1.0,0.771592897806,0.662762146868,1.4139899161
398,7.84803288666,4.79843259476,6.70594874455,0.546169921487,1.0,-1.0,1.0,0.770782679193,0.494453789111,4.45810704633
399,8.62980776985,5.20462659731,5.89893970149,0.304373860704,0.0,-1.0,1.0,1.01651963429,0.523162394535,1.74154446262
400,9.67715480905,4.04646006405,6.08632136165,0.414345194594,0.0,-1.0,-1.0,1.16851854949,0.667095178934,1.54633784969
401,5.62860779651,3.96878374582,6.41462526988,0.438492316045,-1.0,-1.0,0.0,1.14177394864,0.756438631279,3.07870081139
402,9.25027948171,3.20997625041,6.42704126798,0.365489150382,0.0,0.0,1.0,0.902673549269,0.444125035427,1.45623957404
403,6.79712842784,2.08377052376,5.00769681641,0.554377231146,1.0,-1.0,0.0,1.02792711151,0.721513749206,1.8144362952
404,5.14655086479,2.52018227891,6.82624544237,0.418858348172,1.0,1.0,0.0,1.01049748653,0.421814958372,4.02965797972
405,6.30567404447,3.89316794165,6.90418807327,0.614595446671,1.0,0.0,0.0,1.28604619135,0.852386633767,1.51302523646
406,10.6235414926,2.25181996029,6.00899223814,0.563665538343,0.0,1.0,0.0,1.03747619231,0.56715300186,1.48538273047
407,4.41659097936,4.46734632176,6.39573530558,0.37321427322,-1.0,-1.0,-1.0,1.23932961731,0.919130034174,2.23111654444
408,11.8469528279,5.4789931194,6.2169851178,0.644219796691,1.0,-1.0,-1.0,1.22264374451,0.52514735319,2.55662259379
409,10.7281800664,2.56510799134,5.87815654538,0.298204189871,0.0,-1.0,-1.0,0.983624351552,0.55276101554,2.11230794694
410,4.43698566484,3.56360444081,5.28185039293,0.456454855553,1.0,1.0,1.0,0.844756466929,0.484567876277,3.52274040817
411,9.53660270907,3.73230135942,5.43013828966,0.592297127472,0.0,0.0,0.0,1.27482593996,0.476960724007,1.65884854316
412,11.743357681,5.87449929038,5.95683292644,0.522428127479,-1.0,0.0,0.0,1.12167247173,0.482146446939,3.20583345676
413,5.44179611087,3.81499656928,5.8613340261,0.73801465091,-1.0,0.0,0.0,1.25202869765,0.584410216343,1.387484344
414,9.4342102604,5.09890439645,6.33427727062,0.300754787981,-1.0,0.0,-1.0,0.805172464795,0.268193393928,1.28033103189
415,7.20082516563,3.90368295295,6.89726000262,0.513352328296,1.0,0.0,-1.0,0.72018679606,0.794192932537,1.34652707263
416,10.179299742,5.22114052639,5.45668487112,0.64676136496,1.0,-1.0,1.0,0.983260182511,0.508138076867,2.22649745033
417,10.2904882801,5.41436210679,5.59556662853,0.310889314058,0.0,1.0,1.0,0.708962277924,0.709823725143,1.51552730421
418,4.02676995637,4.55210789868,6.05651372231,0.379354518509,1.0,-1.0,1.0,1.00865236403,0.77459935207,2.24793308611
419,5.22025601664,4.17235664341,5.78515617498,0.572833491815,1.0,-1.0,0.0,0.864754271358,0.534999558508,1.65576444717
420,9.71127584815,3.86582482042,6.25474382202,0.287656110733,-1.0,0.0,-1.0,1.17899296964,0.869949256358,1.21764962615
421,5.10954161095,4.19703144875,5.68689790088,0.563316307326,-1.0,0.0,1.0,0.883441054627,0.825691509374,3.94374447886
422,10.1009714678,3.71612320161,6.53869171814,0.399568600341,1.0,0.0,-1.0,0.913401805852,0.596296256969,1.94624719788
423,11.9468418919,4.9509174789,6.49323990408,0.320781603343,-1.0,0.0,0.0,1.01155349659,0.333781306688,2.52261073142
424,9.5471804102,4.3968126372,5.5706156917,0.503105947839,1.0,1.0,-1.0,1.01522511922,0.712636767991,1.23104320095
425,6.4664708396,2.1995879864,5.76889531832,0.256552555611,-1.0,0.0,1.0,1.20806862456,0.697740997609,1.29882091554
426,8.55484457124,5.14480829733,6.54479342585,0.514884097609,-1.0,-1.0,-1.0,1.21945714638,0.64943791554,3.50135666848
427,8.26883421499,6.04722972726,5.30636306843,0.573890337784,1.0,1.0,1.0,1.16042734563,0.675488770901,2.82924815958
428,8.88582301079,2.10966084541,5.40525340375,0.717601758672,-1.0,-1.0,-1.0,0.967002592313,0.464196423081,3.12987615976
429,4.12991863824,5.153222014,6.85810007521,0.698846948586,-1.0,0.0,-1.0,1.06546423023,0.354145074288,2.46298857895
430,9.7475515352,3.32145340061,6.51679281702,0.595737139392,-1.0,1.0,-1.0,0.979626152163,0.72482961696,3.4252333311
431,8.49591248825,2.3496900059,6.17610410639,0.586054316609,-1.0,0.0,0.0,1.10343200329,0.587342204399,3.16541505561
432,8.29880020644,3.0287363296,5.33010690068,0.482809862007,1.0,1.0,1.0,0.815977599785,0.634107853139,1.04482652738
433,7.5599951684,5.43422383305,6.11211344988,0.526588044983,-1.0,-1.0,0.0,0.99150039455,0.604301942747,1.45142524501
434,9.08912089791,5.63555324628,6.38727523048,0.422460053866,1.0,1.0,-1.0,1.13098705004,0.562215640246,1.96562655878
435,7.79594437272,5.24425099812,6.88834512244,0.235579004821,1.0,1.0,-1.0,1.00933065613,0.621296946381,1.35141588292
436,6.16919235312,5.11384552908,5.75012906959,0.544540791214,0.0,0.0,0.0,0.675841037009,0.473164736197,1.70409971079
437,4.67329510938,3.51420550024,5.11485150454,0.362315041802,1.0,-1.0,-1.0,1.01201198892,0.799956910812,1.78180939357
438,8.61408291919,4.42767422885,5.47454011847,0.677465150342,-1.0,0.0,-1.0,1.0184201994,0.699520222324,1.65286351958
439,7.54678129248,2.48520896958,5.02265006423,0.413425097358,0.0,0.0,-1.0,1.03104161179,0.625439464214,2.62403754235
440,6.51612837399,6.0417881176,6.87694436263,0.6512079064,0.0,-1.0,-1.0,1.16059613819,0.706395730214,1.2253909169
441,7.12248273754,5.08439531052,6.74290209492,0.610828429526,-1.0,-1.0,1.0,0.918014853887,0.39837021566,4.11278702982
442,9.35948932805,3.1059052732,6.4533086455,0.609902740242,-1.0,1.0,0.0,0.73203379199,0.814043660512,1.23861721213
443,4.57668459396,5.80446920204,6.90902905,0.435301588509,0.0,1.0,-1.0,0.76221845287,0.293929329306,1.10938792123
444,7.6987627515,4.77736120758,5.10781694661,0.519330812223,0.0,-1.0,-1.0,0.882606158847,0.343515279624,1.31142744991
445,4.36484994167,4.94403291753,6.85285390514,0.551388367683,1.0,0.0,-1.0,0.77387961594,0.72421075914,4.50815347227
446,5.01849537677,2.12706196366,6.72777422553,0.578468373882,0.0,1.0,0.0,0.886409340121,0.645786784503,4.01468888654
447,9.65106965072,4.38576673198,6.34339493047,0.341858179005,1.0,0.0,1.0,1.05590196133,0.945947128276,1.53482216262
448,5.75324948728,4.69757365491,6.58250421477,0.650803045384,1.0,0.0,-1.0,0.736790540419,0.689546866873,1.75691674142
449,10.9631166607,2.16587828866,5.30101892291,0.521085465215,1.0,-1.0,-1.0,0.930645171642,0.69827413407,2.89633520262
450,8.04499558241,3.14777995639,6.63940415562,0.337204643993,0.0,0.0,0.0,0.846534549382,0.532835997947,2.36282855178
451,9.94620908843,5.25179549676,5.80761600419,0.728605363446,-1.0,-1.0,-1.0,0.809595811076,0.794758122994,3.16330471052
452,9.12205394276,5.31006246114,5.34794572536,0.501297425244,0.0,0.0,-1.0,0.885908519794,0.379425730499,3.17797217659
453,11.597764694,4.44709649686,5.16846757423,0.603904975803,1.0,-1.0,-1.0,0.79538419563,0.595213578966,1.77780670503
454,7.66905586643,3.23748378674,5.98621158922,0.730909143892,0.0,-1.0,0.0,1.18513313621,0.933570706769,2.40937723087
455,9.29182294644,3.18946894621,5.51709518765,0.488265717961,-1.0,0.0,1.0,1.02587483277,0.827346269591,2.44548586276
456,5.64481950342,5.02042665775,5.70399520451,0.275151992052,0.0,0.0,0.0,0.854882326528,0.538336940618,2.02774965086
457,6.70061609895,5.5737406815,5.86511645568,0.254433645835,1.0,1.0,0.0,0.996443111154,0.935125644372,1.5102653844
458,4.49727825365,4.42544030835,6.78795924308,0.294603698878,-1.0,1.0,0.0,1.08422566776,0.272800246926,1.84442309102
459,7.76449755687,4.47584499894,5.914401699,0.500201869527,0.0,0.0,1.0,1.02658781354,0.525949561863,2.65590764701
460,8.14111239682,3.07415077059,6.57162144174,0.280188423325,-1.0,1.0,0.0,0.884398681132,0.761839170929,1.43960824938
461,5.26718055062,2.05628439626,5.62154454704,0.531078592126,0.0,1.0,-1.0,1.23092750572,0.56608868008,2.09605523867
462,11.1228697143,2.87027233739,6.83142338579,0.50860204896,0.0,-1.0,1.0,1.16184848316,0.415061059854,1.62184022253
463,7.74503010782,5.81555533555,5.55599717902,0.43749646723,-1.0,-1.0,1.0,0.988821678106,0.445183262831,1.23397719045
464,5.46351656091,3.66464674812,6.71620621588,0.657886823318,-1.0,-1.0,1.0,0.724429727464,0.592713286534,3.47020234876
465,5.96122683399,3.34383238741,5.73174198852,0.468642095058,0.0,-1.0,1.0,0.8260952924,0.308287534144,2.51941247044
466,9.76363074434,5.4458612496,6.79129167261,0.526141490402,-1.0,1.0,-1.0,1.0198271967,0.883863914928,2.14665648383
467,9.00588902117,4.7844754593,5.59856794481,0.293344046029,1.0,0.0,1.0,1.05339878059,0.863989949463,1.95061396606
468,11.1618251391,4.16551510381,6.15094884116,0.457190174963,1.0,-1.0,-1.0,0.832628739187,0.585258334219,2.37382223002
469,5.32284778014,3.03878334765,5.19699228738,0.7559369503,0.0,1.0,-1.0,0.854225964819,0.503360169645,1.68169633502
470,7.46010655194,4.26389907912,5.51332813912,0.749929265477,-1.0,0.0,1.0,1.23616860317,0.702484363127,2.33771947758
471,9.80659242495,4.37202447302,6.23626599993,0.357559105352,1.0,-1.0,1.0,1.16556939782,0.514687324695,1.16770106508
472,5.85485218152,5.56063318173,5.83484439139,0.597224210857,1.0,0.0,-1.0,1.11838010766,0.321600119353,2.32009906791
473,10.5445873202,4.26896382899,6.43354162947,0.663972099247,-1.0,1.0,1.0,0.862777745906,0.488452065651,1.32237653366
474,11.2655199448,3.58162999906,5.82034406293,0.622581928684,1.0,-1.0,0.0,1.13292803017,0.664079420071,1.21455062982
475,6.19420105925,5.76538535146,5.34916512107,0.265880008818,0.0,0.0,0.0,0.911191925689,0.547076094174,1.59286531036
476,8.9121141621,4.49616693358,6.43051228087,0.689760990939,1.0,0.0,0.0,1.26847849538,0.828666747232,2.35618517335
477,8.78293818603,4.14094877053,6.48980807877,0.523900217335,0.0,-1.0,1.0,1.12328192411,0.429338866451,1.63762065038
478,7.52041095174,4.84586161312,5.6441874627,0.316571469099,1.0,1.0,-1.0,1.22730998012,0.613431266647,2.97267710569
479,11.3912413228,2.32252381325,6.06372949867,0.537853791587,-1.0,0.0,0.0,1.0610123488,0.756911459527,2.5338324246
480,7.01954593526,2.76498649379,5.99478895371,0.425834706378,0.0,1.0,1.0,0.671023993955,0.577956134049,3.40197263885
481,5.408187175,2.53983051219,6.94316300661,0.510007360428,1.0,0.0,1.0,0.868948476588,0.456768848165,1.66273233482
482,10.6771480724,3.70522377008,5.22336619846,0.464229313647,1.0,1.0,-1.0,0.982294331897,0.596335598837,3.9793679292
483,5.77248862343,2.41324487606,6.09660049006,0.66709125226,-1.0,-1.0,0.0,1.06441784635,0.276083844135,2.17303891592
484,8.21739495913,3.2523384892,5.12173277251,0.520133760957,1.0,-1.0,0.0,1.21786270367,0.462725141947,2.26007030715
485,11.1269873851,5.55189876337,5.12547490901,0.481926501008,1.0,0.0,1.0,0.962275872681,0.6930796014,1.47381701824
486,5.80070254221,3.22395828935,6.03076422169,0.49690660689,0.0,-1.0,0.0,1.05126979091,0.474193542411,2.63260013184
487,5.4356260422,3.69593434266,5.04543862846,0.44940851638,0.0,1.0,1.0,1.07534384899,0.394666173636,3.81069316416
488,11.4918985957,4.22984457921,6.66180476968,0.237851868017,1.0,0.0,0.0,1.09987819508,0.650936882005,1.72087466856
489,6.48949961201,3.92716464572,5.96014791054,0.265529820277,-1.0,1.0,1.0,0.760323844201,0.547928385375,1.40210323031
490,4.33696912378,3.63212774513,6.20212797467,0.448455208307,0.0,-1.0,0.0,1.19627692846,0.890976706149,1.56478179945
491,7.51761954882,2.87557146108,5.54766850334,0.440220052625,1.0,-1.0,0.0,1.1977764955,0.816426687496,3.35036775012
492,6.93846055864,4.90544331293,5.13909512989,0.465301947449,0.0,0.0,1.0,0.987736744529,0.359152508778,1.64444675322
493,4.81644582907,3.77431146212,5.8375723406,0.443960495181,-1.0,1.0,1.0,0.956551629374,0.535655803228,2.61894362614
494,5.5269507459,3.72403654414,5.54829265094,0.314353894371,-1.0,1.0,-1.0,0.971575615209,0.636223472685,1.10494996958
495,10.1982138861,5.16845300546,5.53919163743,0.381551509453,1.0,-1.0,-1.0,1.09598821657,0.661151247462,3.23475582443
496,11.9120294374,5.13655243216,6.65944343641,0.568545469255,1.0,0.0,0.0,1.24002506627,0.45306084091,2.7677306831
497,10.063848336,5.98506230238,6.66804903563,0.632397271838,1.0,1.0,0.0,0.90998357168,0.818777507866,2.10847404082
498,7.58955050237,3.67865285234,5.23500765588,0.433529350836,1.0,-1.0,-1.0,0.664571313331,0.761396611376,1.14520811027
499,9.93135690195,2.5311113802,5.15169442134,0.629157248182,0.0,0.0,1.0,0.950355504181,0.84973399969,2.6687899453
