,GCM,FICE,FSNOW,PRS,RFR,OCM,OCS,TCT,VCM,SIAE,SSAN,PPQ,TEFO,PHIMIN,PHIMAX,ZMIN,ZMAX
0,3.0,8.170125086265303,5.947411049868848,6.345823991120314,0.250038561271779,-1.0,0.0,1.0,1.171541347630337,2.1739993,3.297782,0.8776588,0.017837599,7.047823,41.647903,-383.6176,300.05212
1,3.0,11.72104106126946,3.033284137369021,5.359238227672447,0.7436664904625252,-1.0,-1.0,0.0,1.2370559526302334,2.2945356,3.388119,0.7850808,0.018344203,10.219924,40.285652,-345.08533,267.6614
2,0.0,4.444837822226303,4.842950097846571,5.645018373963367,0.4083841147028308,-1.0,1.0,0.0,1.0590734933536015,2.4882948,3.2885067,0.70530754,0.019993236,5.784343,40.663002,-400.7219,187.61215
3,1.0,6.619700484412234,5.275582944104148,5.7427513119994265,0.350848843304347,-1.0,-1.0,0.0,0.6635215731680948,2.4275563,3.2823956,0.5824904,0.017218078,7.0059757,43.740025,-431.9305,164.70787
4,0.0,9.842526367421366,3.6108584441073948,6.777759244437993,0.5595483102460573,-1.0,-1.0,0.0,1.1629660846074705,3.0317066,3.3999505,0.8060451,0.022683894,10.0244665,41.649624,-273.6127,308.17365
5,2.0,4.4972361598601145,4.290510176717111,6.215880123842646,0.5323297417695891,-1.0,-1.0,0.0,0.6544867523718236,2.5243177,3.2883492,0.8031674,0.01857725,7.549439,42.620968,-278.6317,299.66672
6,0.0,4.721890459862687,2.315204273813962,5.468135828856436,0.6860018063269666,0.0,0.0,-1.0,0.6506820434338503,2.2187154,3.2933075,0.73143756,0.025003789,9.250493,42.33708,-204.93796,559.7119
7,1.0,9.1220842139526,4.733226221986225,5.52939206736124,0.6735374881346067,-1.0,-1.0,-1.0,1.287496918264112,2.6924198,3.2619224,0.79235226,0.01863256,7.232255,44.107082,-251.3971,83.93313
8,2.0,5.5091370639531245,2.9583447628406914,6.661398504041767,0.7067600362132551,1.0,1.0,-1.0,1.1196202337734926,2.4448717,3.283719,0.8353772,0.013769337,6.477092,43.53896,-354.85876,74.09428
9,3.0,10.461784463972425,2.1086165492573143,6.014005593572348,0.5403628971287364,0.0,-1.0,1.0,0.9907184424903207,3.1380928,3.3056235,0.70033115,0.017038913,6.8887496,43.59774,-462.29935,57.41083
10,0.0,5.594859880687542,4.209732910070168,6.978454613058901,0.40285693857773536,-1.0,-1.0,1.0,1.179119595099491,2.919523,3.3342865,0.81542593,0.018740837,7.09371,40.80067,-474.82034,193.06007
11,3.0,11.701549276827217,4.654973102646675,5.7602710242036474,0.5014223048217858,0.0,-1.0,-1.0,0.7806626271754004,2.335953,3.3232138,0.7482565,0.017707946,8.852122,44.29984,-392.14288,337.7955
12,3.0,5.461182110724696,4.038627133923646,5.426432242724088,0.6566083884418411,1.0,-1.0,1.0,0.8371380088498547,2.865449,3.3188171,0.72752696,0.021708332,6.202947,43.602272,-427.39874,343.24228
13,2.0,10.682234905963309,3.798883326048449,6.335836175758314,0.6848324809083424,1.0,0.0,1.0,1.2117247450770066,3.0315907,3.346529,0.7702331,0.02226069,6.183362,42.694427,-577.85394,469.17816
14,0.0,10.277130024642107,5.592397958078847,5.2795806174565625,0.7572262776268534,-1.0,-1.0,0.0,0.8887594967615392,2.657366,3.3034172,0.8592226,0.016733417,8.347722,43.7165,-328.94183,189.71309
15,1.0,4.947535821395672,5.372424585371947,5.509784406468694,0.3203439393394988,0.0,0.0,0.0,1.1413618762380804,2.9025853,3.2740078,0.6959155,0.0236034,6.5494003,43.278194,-402.2744,578.881
16,3.0,5.851636424024571,6.009394803363785,5.498846214795543,0.6515745943375519,-1.0,0.0,0.0,1.2662045495234318,2.0083728,3.316954,0.8802135,0.020773863,5.803586,41.820927,-321.07397,261.02817
17,0.0,11.27210317164971,5.6307754884112535,6.603200466299882,0.4342258835015399,-1.0,-1.0,-1.0,0.9965620162841069,1.9318367,3.334092,0.5920849,0.01774613,8.134551,42.443504,-505.90738,331.43347
18,1.0,8.549445078312255,3.76616616461974,6.677343941798611,0.5931239182900921,1.0,-1.0,1.0,0.9787594268695992,2.9376264,3.2993612,0.7286332,0.019106295,5.4256306,42.18065,-362.86288,121.6475
19,3.0,11.656499981403147,4.033768627038406,5.658311099310557,0.5924346169197937,0.0,0.0,-1.0,0.8772734733819395,2.4733405,3.3244972,0.8554171,0.021729397,5.151033,40.644344,-262.67056,182.88446
20,2.0,11.810543533820423,5.2165274260302565,5.886864442175629,0.36423086834003393,0.0,1.0,1.0,0.9989567780295979,1.9089727,3.3539948,0.9001223,0.017095134,8.994978,40.822815,-365.7202,238.1402
21,3.0,11.081012479219257,3.9916573268927236,5.775525305238288,0.36057275046319537,1.0,-1.0,-1.0,0.9701072274624482,2.8154566,3.2655594,0.6987637,0.018387876,6.331222,44.445274,-331.42462,187.84834
22,2.0,9.869492858638228,2.4900691516877993,6.278163727108884,0.38495160683518803,1.0,1.0,1.0,1.1064601892965666,2.6780834,3.323818,0.76526755,0.020008987,7.8611684,43.89257,-347.0905,319.923
23,1.0,10.060938813722206,5.971097425451669,6.634461710474879,0.7546821595051056,1.0,1.0,-1.0,1.197859373314956,2.4971142,3.330698,0.7196426,0.01904928,8.723488,40.876167,-355.92667,242.29037
24,0.0,4.760032466892936,2.986885784706862,5.796916576071772,0.5604408097626875,1.0,1.0,0.0,1.2062427821351187,2.8356354,3.2944875,0.72858536,0.018602423,5.8431654,44.479237,-378.56967,273.7408
25,0.0,5.840501682701021,2.7492454056968714,6.087080164384506,0.4847837147929132,-1.0,1.0,0.0,0.763864987128428,2.9775352,3.3086107,0.8458169,0.0155,5.641093,44.65314,-472.4627,234.15915
26,3.0,9.79619114624954,5.090654704594405,5.065952314024534,0.440586127756067,1.0,0.0,-1.0,0.7791869412283448,3.0176845,3.308954,0.7007604,0.022514014,7.0395374,41.090958,-379.42636,341.93896
27,3.0,11.928327472851446,4.120801422447411,5.961586708558619,0.23954546020863088,-1.0,-1.0,1.0,0.8853763510028981,2.6209404,3.2643163,0.7193164,0.02412431,5.027464,41.739094,-321.47876,314.47705
28,1.0,8.224449713701393,4.8474641279458215,5.599782869747205,0.6389658667660942,1.0,0.0,0.0,0.9229453349940864,2.985287,3.2480135,0.7222221,0.018926868,6.6277156,43.563602,-318.94305,115.959755
29,3.0,7.797602589793982,4.595904685678944,5.591227771659715,0.6825069751028261,-1.0,0.0,0.0,1.1037201800029315,2.8499353,3.3811455,0.7527502,0.017562585,10.152675,42.267357,-525.1183,296.7172
30,2.0,10.546665539481776,5.618472137068839,6.287618805806736,0.30745552043777763,0.0,0.0,-1.0,1.0110991929634197,1.9900678,3.33452,0.67460674,0.016670527,5.621853,41.52259,-525.96576,158.0504
31,0.0,9.87796581345592,3.890675793498745,5.747901483321825,0.407962847314227,-1.0,1.0,0.0,1.0546733484599815,2.4161546,3.2443233,0.8226387,0.01257895,6.48796,41.968403,-452.15143,192.28125
32,1.0,9.273608178882986,3.6892827082302806,6.123500126467338,0.3936495053285825,0.0,0.0,-1.0,1.041003354353475,2.5977707,3.2465618,0.73466665,0.017438048,9.577578,44.524376,-261.179,164.11803
33,2.0,4.357886897125445,2.415037226880113,6.915714252195059,0.5041784362059466,-1.0,-1.0,-1.0,0.9198756241538494,2.6917064,3.371822,0.8379063,0.018641725,6.2853456,41.930233,-444.1487,287.1156
34,1.0,9.077354812166565,3.28544614256663,5.291571819511597,0.30869803358730596,-1.0,-1.0,0.0,1.2795723147997555,2.890175,3.3053653,0.65599144,0.022122374,5.23365,43.633766,-445.12982,337.62885
35,1.0,10.654410416783954,2.4549820272340277,6.985133636928401,0.6606714210200717,-1.0,1.0,1.0,1.0662940125447908,2.8200269,3.2330687,0.83488315,0.019591913,5.4274697,41.561424,-282.42096,141.03052
36,2.0,5.979402614894493,3.680296802757192,5.574841045710118,0.2892883742962834,-1.0,-1.0,1.0,1.0581060500833106,2.5323308,3.2087822,0.619036,0.022294827,7.442546,40.76073,-235.01117,88.31461
37,1.0,5.281761210917825,6.1308973160277,5.807617314033749,0.363818953250604,1.0,-1.0,1.0,1.0407933782696128,2.2360778,3.2643197,0.71771574,0.013802634,8.015722,43.372643,-350.1262,235.07649
38,0.0,6.011387311517607,3.9483006545726327,5.108988526104712,0.6470390793329488,-1.0,0.0,0.0,0.8983477427019956,2.202045,3.292257,0.625731,0.014390845,7.382269,43.512245,-375.3742,105.985306
39,1.0,6.65866540457727,5.2835166723522295,6.481741895802427,0.5361693080789189,1.0,1.0,1.0,0.7967986876387977,2.6601892,3.277406,0.6354452,0.017488893,6.2138247,43.362732,-499.25974,297.0917
40,2.0,8.844288799569371,3.7572640073638857,5.671674737671439,0.25470124640861347,0.0,0.0,0.0,1.0800383776854037,3.0258985,3.3497443,0.82929486,0.014507933,7.5294905,43.47562,-400.86673,144.64998
41,3.0,9.088587125450209,3.092587763682398,6.369869687446739,0.3455305178363678,1.0,-1.0,0.0,0.9068834090625879,2.3170614,3.2667158,0.6483879,0.019220203,8.5901575,42.129475,-361.01358,169.61208
42,0.0,8.141313952799143,5.368141115695844,5.299830947051341,0.31391310227512426,-1.0,-1.0,0.0,1.1404972432073843,2.1069396,3.3470943,0.6908216,0.01494773,9.345137,42.079536,-370.33972,127.52105
43,1.0,6.940792558573844,2.9994745900741195,5.16094777611289,0.28586291852035495,1.0,1.0,-1.0,1.0266166156881622,2.8499844,3.3441658,0.77747416,0.017444585,7.2230573,42.0995,-308.32773,133.84518
44,3.0,7.974565945851937,2.080296336446897,5.558963094958903,0.6004317759626823,0.0,1.0,1.0,1.017895340576555,2.7288444,3.2798612,0.75552124,0.022843173,6.2146535,40.603497,-274.64984,361.90808
45,2.0,9.462278259381069,3.8606683507310904,6.971433539723388,0.54379675349255,-1.0,1.0,0.0,1.1545171947750457,2.2440045,3.3329563,0.7981721,0.018212399,5.2138257,41.23284,-542.5961,401.4435
46,3.0,10.588600787007039,5.709706034911491,6.187848832628589,0.4486657759726086,1.0,1.0,-1.0,0.7402061520793499,2.8441098,3.3152108,0.7587978,0.022414342,9.302853,44.176376,-202.31673,454.49002
47,3.0,9.187779267944457,3.4735316269304937,5.702099808585454,0.5535286495055035,-1.0,-1.0,0.0,1.0898369346635832,2.6296306,3.3519638,0.76964074,0.020572247,6.9668083,42.82333,-339.1472,251.74843
48,1.0,6.290540113310515,4.248053389613549,5.093377266420506,0.3286303785335756,0.0,1.0,0.0,1.0568678704886338,2.3185322,3.2798445,0.80314106,0.023160612,7.6418314,42.098526,-210.1171,367.3724
49,3.0,4.547235249826404,2.516897720043102,6.117395129251609,0.5513036655949184,-1.0,-1.0,-1.0,1.1226726027359317,3.159957,3.3299572,0.78448415,0.020699479,5.482916,43.495674,-413.09756,321.17084
50,2.0,7.57028095319138,5.221723140458637,5.506234213642875,0.669388539940288,0.0,0.0,0.0,1.226143020002412,3.0060856,3.298577,0.6908183,0.021795096,6.5660853,44.447857,-380.6751,253.40587
51,1.0,7.639493740723318,6.139260915863021,5.071467142277451,0.3886829299561003,1.0,1.0,0.0,0.8516275549707705,2.683276,3.2987714,0.8366051,0.018634684,7.142874,41.08685,-311.96573,368.40536
52,1.0,6.17368215362775,3.065497693468939,5.852334100472685,0.42563414821933665,1.0,1.0,-1.0,0.9869692479507011,2.4359899,3.3623233,0.6953613,0.013781448,10.889162,42.50025,-360.58823,156.60083
53,2.0,7.890544834170804,3.0141193945608453,6.0665666042397355,0.5284687487739049,-1.0,0.0,-1.0,1.0557116719915565,2.0892198,3.329182,0.6653428,0.016780028,6.214771,43.417908,-441.3951,264.88977
54,2.0,7.293137235594549,5.264512477221896,5.623400294529845,0.5150275872550121,1.0,-1.0,0.0,1.0818194946198123,2.292136,3.275338,0.77373105,0.024000304,5.6241755,41.102093,-365.2347,361.90747
55,0.0,7.190873944191766,4.219970852893315,6.205784480821802,0.5712680170350801,0.0,0.0,1.0,0.9770910080829095,2.2857423,3.2923026,0.6335272,0.013274073,12.461151,43.197918,-432.52933,35.349255
56,3.0,8.0841697075456,4.399013824075134,5.037288867309616,0.6438930010664166,1.0,0.0,-1.0,0.9914585056368249,2.332786,3.2828712,0.8335641,0.022180544,8.299549,41.33513,-168.36018,176.91957
57,2.0,7.410730133063573,2.090535155726272,6.561500018114259,0.4504254062828459,1.0,0.0,-1.0,0.8615988974856856,2.2446742,3.3525248,0.74657047,0.019457934,6.4448276,41.373196,-415.80045,382.7742
58,3.0,9.826801826640029,4.643671088789342,5.9594283720027885,0.6415269613294012,0.0,-1.0,-1.0,1.083428744746434,2.5951614,3.2247543,0.73337257,0.017568314,10.299064,44.340153,-265.86145,330.72876
59,0.0,6.404756134889222,6.079775903147217,6.961861200971301,0.512134216556701,0.0,0.0,-1.0,1.0536042169962483,2.3407183,3.2510357,0.8159312,0.018084586,6.491478,42.393642,-380.7942,361.26782
60,2.0,11.50750946027013,2.8357452639206397,6.872799140107991,0.32964448364098264,0.0,-1.0,1.0,0.9240399051306885,2.3914077,3.3109422,0.7288674,0.018443048,7.3529925,41.35213,-353.09775,212.56956
61,1.0,11.574320224186177,4.300324151411235,5.364041665418469,0.3750100905716712,0.0,1.0,-1.0,1.0648529758953866,2.3541129,3.2693806,0.59896046,0.014323775,9.781903,42.74953,-398.48184,153.60907
62,3.0,7.050350560403131,4.193532472031764,5.3503012241567625,0.37575076026414694,1.0,0.0,1.0,0.7490681118482873,2.0190794,3.3565161,0.8085392,0.016498178,7.3545413,43.424408,-391.18866,239.43013
63,3.0,11.09689472118854,2.962969869871066,6.209749701439705,0.36834473005287643,1.0,1.0,-1.0,1.315420295392174,2.4147453,3.297867,0.74483454,0.018494207,9.124224,41.82441,-400.6528,383.30292
64,1.0,8.001926119085066,2.6974281048936457,6.0498372416217565,0.7613429890761665,0.0,-1.0,0.0,0.803437343273463,3.04601,3.299969,0.6468632,0.021820188,7.979494,42.52394,-312.60953,219.11209
65,0.0,6.496184134775927,5.52867556012643,6.612758264070075,0.6986549952495439,0.0,-1.0,0.0,1.205326357954038,3.0006697,3.2397108,0.66320074,0.018687287,9.0332575,42.720963,-339.11652,226.06355
66,3.0,8.884709437535168,3.059475259329883,5.006666114619656,0.5833299021886968,1.0,1.0,1.0,1.1947567266160988,2.9527333,3.319207,0.7883443,0.026233185,7.556411,42.062172,-405.02112,664.5487
67,1.0,7.773715398106235,5.3989537057341925,6.243000312264847,0.24340099533006843,1.0,-1.0,0.0,0.9112411126172069,2.90558,3.309794,0.62663496,0.023226658,8.99502,42.26825,-376.129,383.9148
68,2.0,10.183342506047005,3.567592992701912,5.002388412337321,0.46921586964143436,0.0,0.0,0.0,0.8182452837931422,2.611228,3.3009036,0.6851034,0.015633585,6.7618103,42.95326,-412.364,153.42113
69,3.0,11.040358064339138,2.385746361081367,6.077649404439687,0.6684825989813414,1.0,1.0,0.0,1.3080422489772905,2.307586,3.2954137,0.7940473,0.019637266,5.5286026,42.657757,-351.18692,187.18362
70,1.0,10.617783938966596,3.8167587251324893,6.124970396233229,0.5549061967424102,-1.0,0.0,1.0,0.6917428880867762,2.2352035,3.3058393,0.5877838,0.017940471,9.326636,42.67725,-566.25256,293.61917
71,1.0,8.293407115035164,3.6670366219864317,5.819975540440942,0.7392023368659811,-1.0,1.0,-1.0,1.168100714042131,2.8026166,3.2699425,0.45953828,0.024908803,7.105524,44.364914,-467.1301,480.69574
72,2.0,7.154216142949293,3.3875131389482145,6.592889960766211,0.75099899480104,-1.0,0.0,1.0,1.3339419449918481,2.2797914,3.2779984,0.7792085,0.015565271,7.076352,43.43899,-377.36597,135.60706
73,2.0,6.33610309410153,3.4299697701595244,6.1592943546665975,0.35368635831581285,-1.0,1.0,-1.0,0.9088078457863041,3.143149,3.4145944,0.76013446,0.023946758,12.693363,44.793083,-246.69002,530.15027
74,3.0,7.5011620032876305,5.567551058354709,5.5814075564589265,0.29565647828858277,0.0,0.0,1.0,0.8905025857532918,2.5756803,3.258748,0.7118223,0.016639441,5.4195943,41.581757,-464.29425,197.18968
75,1.0,10.508035126156143,2.8643719608305886,6.645428278487994,0.49685946134402426,0.0,-1.0,-1.0,1.0420175004206422,2.8333843,3.2841363,0.777601,0.018208982,6.73101,41.769466,-304.45163,199.78577
76,1.0,9.971879115616774,4.6243960399013115,5.258126109671581,0.4795984819193416,-1.0,0.0,1.0,1.1096925804564224,2.9358,3.3418124,0.85851204,0.019959299,6.8270435,43.64057,-254.903,312.5717
77,3.0,4.973568410545804,3.8939972041758546,5.994587631716647,0.46971651723024455,1.0,1.0,1.0,1.3203286137982628,2.4516392,3.2537026,0.6982909,0.015131043,6.1362486,42.673496,-437.47495,200.51964
78,0.0,6.1390358453596265,2.7602985812345535,5.15375796207731,0.6612498616929867,0.0,1.0,0.0,1.0712813452762298,3.0094824,3.2801688,0.6795442,0.020540059,8.157687,44.211483,-405.85574,504.94778
79,3.0,9.213229056751034,3.149405386881644,6.30863815481656,0.3952279274813699,1.0,1.0,-1.0,0.9494656136188836,2.5183911,3.3297832,0.80724764,0.024067616,6.8398657,43.70338,-308.61813,287.1367
80,3.0,7.727204470879864,2.7212821910008196,6.0053392935014305,0.4514282307483264,1.0,1.0,0.0,0.9039078381097807,2.8465145,3.3000612,0.63613504,0.019435225,10.90259,43.302315,-271.61493,240.62964
81,1.0,6.892547683779737,4.159377383504503,6.358106581486975,0.409612430057066,-1.0,0.0,-1.0,0.8048626371341745,2.4436524,3.2848136,0.67057294,0.017731532,9.585549,42.83284,-401.01007,241.81352
82,2.0,9.437048414546885,3.0469315555729173,5.679340527773997,0.3443341432036674,0.0,-1.0,-1.0,0.9686804675838049,2.8897753,3.3617828,0.8273516,0.020551726,8.251431,44.39267,-320.42682,293.4412
83,3.0,7.000905113661559,5.570847768353125,5.2219811104549505,0.5258177212790079,0.0,0.0,1.0,0.9808333132866912,2.1503396,3.2728531,0.61718625,0.021367284,5.9744577,43.325947,-507.91904,553.2087
84,0.0,5.691654784674875,4.7826841819803345,5.8706854478433,0.5574555425859834,1.0,0.0,0.0,1.0068906967551317,2.5719233,3.3246267,0.80759186,0.01896136,7.5894513,40.850494,-296.97003,201.06859
85,1.0,5.995253729626196,4.702648873239763,5.874388989754448,0.5291895072904185,1.0,-1.0,0.0,0.9834456519959245,2.726825,3.3502645,0.7846787,0.01897261,8.378179,43.171635,-371.69608,119.88129
86,0.0,7.273396335996853,3.330680295346478,6.8488217407076935,0.5879529952697936,1.0,-1.0,-1.0,1.1762913199272265,2.5640388,3.2820275,0.74199414,0.022707552,7.221784,41.050694,-401.5066,404.95847
87,3.0,9.358680341656022,4.424118149735646,5.231833556932709,0.6840292206993914,0.0,1.0,1.0,0.79350601475047,2.528069,3.301195,0.70886517,0.01669728,9.487247,42.63636,-276.49127,119.87515
88,3.0,11.27696622915392,4.998431340723247,6.891689043858522,0.5479614849825025,1.0,1.0,-1.0,1.2142880150686208,2.5939035,3.3317509,0.7904889,0.023063863,6.6426506,41.607788,-222.75092,504.73718
89,0.0,5.3114511894519,5.039400109588099,5.2359417255293845,0.7400437152994325,1.0,1.0,0.0,0.9368979781065828,2.7364743,3.3512387,0.716913,0.019628162,9.879627,43.838833,-336.82642,192.62134
90,3.0,5.777965107042295,2.8974099219267977,6.811481946399499,0.26834763956291874,0.0,-1.0,1.0,0.7716085077522261,2.4387388,3.2902136,0.56576866,0.017715441,7.4526615,42.724625,-453.0315,325.12814
91,2.0,7.582116659264958,4.007731513278435,6.547331486229855,0.3665695564830057,-1.0,-1.0,1.0,1.3454578807861528,2.4048758,3.2303982,0.5414989,0.020650359,7.774669,43.144867,-362.6732,182.01695
92,3.0,9.264523654028915,3.5357944597008393,6.527386080148378,0.7492196745763916,0.0,1.0,1.0,1.002094172680207,2.8246183,3.3084486,0.66600966,0.018923694,7.3733444,43.767864,-404.8926,281.79556
93,3.0,8.106213465274593,3.5208632645245905,6.472450701868906,0.27561260811972627,0.0,0.0,0.0,1.027548471989018,3.1153352,3.296595,0.7573857,0.016490638,6.3144994,43.038116,-338.57828,39.73621
94,2.0,8.462778802910336,4.558318120309692,6.220443351277622,0.5849922022466357,1.0,0.0,-1.0,0.6608766812054334,2.0096815,3.3151288,0.71924055,0.0161563,6.217952,41.0381,-321.81854,180.9175
95,1.0,4.8468744606614615,3.242853507727229,6.591397924167304,0.7030910745449329,1.0,0.0,1.0,1.0364085319565843,2.8163295,3.3411617,0.82919455,0.025648,8.180622,42.305527,-357.01395,561.89954
96,1.0,5.173697152447332,5.70305282798944,6.8408773346324585,0.611524546229335,0.0,1.0,0.0,0.6993536433816352,2.8918602,3.3223414,0.6729982,0.019092197,10.706255,41.912212,-319.20084,245.17058
97,2.0,9.687827950155661,2.5426561389576032,6.09645675448558,0.5165441859966242,1.0,1.0,1.0,0.874441547852831,3.1077828,3.2828822,0.744937,0.022365846,8.687568,42.203564,-247.13492,486.0641
98,3.0,11.310971862197967,5.541520810407543,6.540222105608873,0.5330877853364109,0.0,1.0,-1.0,0.9210629919117816,2.7721705,3.2156358,0.69625044,0.016331512,5.144854,43.676285,-514.7021,270.09406
99,1.0,7.885104183583461,2.8266064416069376,6.0803557057107955,0.4291367819534775,0.0,-1.0,0.0,0.8542284512282792,2.3670814,3.317813,0.76001287,0.013810015,9.503787,44.296753,-294.48102,79.012634
100,3.0,11.596675425619033,4.587720675689203,5.1397376676592685,0.4233015836198038,1.0,0.0,0.0,0.9251374441308238,2.359556,3.2917752,0.53862935,0.01608781,11.723631,44.115902,-454.37817,248.83244
101,1.0,7.749385860506373,6.097540419492184,5.17233552380122,0.6241753142442696,-1.0,0.0,0.0,1.0299628104088931,3.1134193,3.3190196,0.79503274,0.019967297,8.67607,43.776478,-309.71234,279.15186
102,3.0,10.528576939201553,4.446033011320922,6.77593352065845,0.5173060168530785,0.0,-1.0,1.0,1.1388849620888943,2.3020372,3.3337996,0.82227516,0.018529246,8.021232,42.615883,-178.36159,59.754192
103,0.0,11.67976438673431,3.232971240770719,6.989822867072125,0.3723791500996847,0.0,1.0,0.0,0.8405774087448514,3.000464,3.27865,0.70066065,0.01676601,6.582156,43.832237,-372.1306,196.96935
104,1.0,10.402399604724785,5.686321267675756,6.274921248150493,0.4721672809010665,1.0,1.0,0.0,1.01283772479312,2.3738792,3.2512226,0.7121819,0.014741147,6.237118,41.54093,-436.2437,72.97849
105,2.0,5.758144728662321,5.6417241637109745,6.417331482589444,0.5488055657823027,0.0,-1.0,0.0,0.9652639183820211,2.7029483,3.3293805,0.653263,0.020866912,7.4964714,42.844345,-275.6771,160.01433
106,1.0,11.22489313389237,3.8703560614182613,5.629054606174608,0.6161272767237885,0.0,-1.0,-1.0,1.1267618827030224,2.5392103,3.274808,0.7603981,0.01960846,6.140157,41.098427,-361.88412,305.40506
107,3.0,8.321277918409315,3.406459579019104,5.695180636795227,0.42034404740585646,-1.0,1.0,0.0,0.7367921917026883,2.6405475,3.2762125,0.5512739,0.018003289,7.286966,44.798073,-539.8197,276.71234
108,3.0,10.023798942798932,5.445569580129218,6.720754284304481,0.5817529931168173,0.0,-1.0,-1.0,0.9192825959464684,2.6270025,3.3196042,0.61581343,0.020009972,8.386676,41.58229,-443.8568,331.8607
109,0.0,10.713930534470155,4.163993901132832,6.919656469520857,0.4473865439512828,1.0,-1.0,0.0,1.0307864815985515,3.0423582,3.325107,0.6543159,0.020454776,6.668698,43.51396,-422.7537,324.42963
110,0.0,9.704627361157394,5.717788784033277,5.822148678334285,0.5430176787355027,-1.0,0.0,0.0,1.01483350144113,2.4405227,3.303433,0.8784514,0.02253089,5.3826933,40.80892,-331.58954,162.79767
111,2.0,10.701958285417197,4.919178309834322,5.076979502363689,0.40615737912206296,1.0,0.0,1.0,1.027788322570025,2.7396524,3.3145635,0.6840157,0.01846468,9.457788,41.485207,-440.67978,351.98923
112,0.0,6.0918113591361855,5.269269839543426,5.476387183000132,0.549266783527273,0.0,1.0,1.0,0.9439319469900243,2.3767416,3.3310103,0.73826665,0.018224655,6.3676586,41.87055,-527.79425,381.68698
113,1.0,9.15050892775138,2.626015644750386,5.667506383904602,0.3353323862231832,-1.0,1.0,-1.0,1.164043489697802,2.6316144,3.2441707,0.7327069,0.021558901,6.6706243,43.988297,-279.27042,350.44626
114,1.0,11.995960001599158,2.512094397195576,5.057563242109742,0.6406322330860057,0.0,0.0,1.0,1.1915999381774747,2.1350071,3.352885,0.83818847,0.016848253,7.3904214,44.47566,-356.33688,215.9385
115,2.0,5.330171545421749,5.177336584086516,5.908585307509009,0.7178294689822368,0.0,-1.0,0.0,1.0212537238318788,2.5279965,3.3049915,0.7121026,0.014428523,8.975708,41.14113,-323.2401,40.607986
116,1.0,7.06124744539234,3.699258210621684,6.170862868643275,0.6154060911361882,1.0,-1.0,1.0,1.183095538064465,1.9356204,3.3451486,0.7315294,0.014727463,7.9418383,41.22514,-409.673,112.73064
117,2.0,11.028436326742057,4.683769564790132,6.151719384345198,0.38357941010889246,0.0,1.0,-1.0,1.013523471010553,2.4253216,3.3004332,0.67952955,0.016791675,7.8068547,40.55412,-468.05734,364.21646
118,2.0,7.133324995650631,2.7184007367172587,6.202043821643391,0.6282531779428516,1.0,-1.0,-1.0,0.9324323834834441,2.5230007,3.2566297,0.6785235,0.017177012,9.816876,41.63395,-353.96494,209.22777
119,0.0,10.186959901435005,5.666561447035843,6.8537708246040605,0.42710228746774054,0.0,1.0,-1.0,0.8544571196901742,2.7433178,3.3168926,0.74736375,0.02295769,6.753695,41.249714,-374.17462,277.1004
120,2.0,8.71940997885565,4.203792076255541,5.449017406441099,0.31854737160179625,-1.0,-1.0,0.0,0.8671665211254808,2.2911766,3.3768642,0.87149924,0.0149969375,5.4610844,43.07637,-374.18445,143.6786
121,0.0,8.537088617179508,3.7224861044020243,5.932314878578068,0.7086473327022078,1.0,1.0,1.0,0.9310228567138635,2.2209666,3.2364998,0.8628013,0.018835017,6.3768306,41.092255,-225.28651,122.81432
122,3.0,4.129396175617823,4.46082422062401,5.764536005084807,0.6430999127002449,0.0,1.0,0.0,1.1591139687358372,2.940555,3.3169029,0.81127304,0.018996548,8.088878,44.468765,-145.03026,173.61855
123,0.0,5.253204462308377,4.7955507754452364,6.680935807035899,0.4652115369573325,1.0,0.0,0.0,1.0103332569019645,2.781417,3.2824326,0.6500399,0.017532092,7.3303447,44.53824,-438.08368,288.0754
124,1.0,8.868219563648058,4.328252093900549,5.562337830122329,0.34210208560938404,-1.0,1.0,-1.0,0.8582799690553976,3.0293286,3.3355572,0.63617426,0.024349825,9.140533,41.43739,-351.05728,312.303
125,3.0,7.127205989794388,3.7485474350420445,5.121974105001554,0.2876640480267836,-1.0,1.0,1.0,1.1502719665899999,2.8309703,3.2782419,0.642065,0.018259004,7.910138,44.06791,-360.8837,215.64507
126,1.0,7.965930383412301,3.840929973471893,5.536399315126192,0.7022919535989054,-1.0,0.0,-1.0,0.8497852447388883,2.469923,3.313494,0.74800175,0.017495561,5.1720176,43.323704,-330.6591,140.61317
127,1.0,9.304182511354796,5.248936655019419,6.556985038535633,0.47049120938068595,1.0,1.0,1.0,1.2412647729394122,1.9482179,3.2989912,0.8052737,0.016317237,8.103373,42.150085,-324.06714,246.94157
128,0.0,5.893952722263759,2.778096717573564,6.304200651835599,0.5662100177818339,-1.0,0.0,-1.0,0.8080322834421716,2.866922,3.2911317,0.63224334,0.022769256,5.2062097,42.984318,-408.05472,252.40504
129,0.0,10.327071194203743,4.505500064168248,5.785679590796277,0.503833781165121,0.0,0.0,-1.0,1.2480582103203475,2.7302392,3.2962978,0.86500764,0.021703405,5.9304953,42.160534,-275.83084,242.88489
130,1.0,6.37041266351806,4.093767686066454,6.949702672256896,0.6046112842582767,0.0,-1.0,-1.0,0.7060714241408588,2.3640132,3.3152173,0.8389482,0.018042326,6.1137795,43.418667,-329.4153,258.5245
131,2.0,6.251929420498674,2.6148500165527833,5.463940138046136,0.6659774888376937,0.0,1.0,-1.0,1.0572214943720928,3.2336054,3.323341,0.69615936,0.020082222,8.537687,40.81621,-284.94638,90.41231
132,2.0,11.647195831835893,3.0761417466569148,5.685039273499255,0.27106960483870646,1.0,-1.0,1.0,0.8757790515746389,2.7547705,3.3447402,0.54597,0.024240047,8.080872,44.072044,-619.7113,603.4213
133,0.0,6.430102766434028,2.7365119076157534,5.243236380031189,0.6880130036741204,0.0,1.0,1.0,0.8729696271719709,2.7254455,3.3127666,0.8361972,0.018853625,5.319123,44.61725,-461.30563,190.77876
134,0.0,8.582657474119634,2.8734940139899905,6.967123391166746,0.6902127918509057,1.0,-1.0,1.0,1.249423451174202,2.4961672,3.1988258,0.8205246,0.021376375,6.900376,43.79523,-257.00735,169.99649
135,3.0,9.729351813457688,4.665402671875173,5.360198014530321,0.6738784579910119,1.0,1.0,1.0,0.7701641894888971,3.1975045,3.2934027,0.65404254,0.022054614,6.9159513,42.16997,-320.80453,160.76057
136,2.0,5.374647983364561,3.4350885508749154,6.4542026928301865,0.7136119278346796,-1.0,0.0,-1.0,0.8251158589416006,2.8519266,3.227818,0.7390349,0.025611848,8.963714,41.582584,-221.14221,750.414
137,0.0,4.149476751957368,4.8107086394036855,5.513865554843757,0.6519936861178289,0.0,0.0,0.0,0.8917912671441022,2.907939,3.3655283,0.6890448,0.027011914,6.268383,41.078865,-526.43024,680.89087
138,1.0,7.9182207279418035,4.076898414976696,5.965267597098811,0.4170012437769847,-1.0,1.0,1.0,0.895263649714296,2.521976,3.3085737,0.81063724,0.017658051,5.462608,43.090855,-499.8598,297.15347
139,1.0,6.065612051778885,4.825426774779438,6.289596523563277,0.6216588937168486,-1.0,1.0,1.0,1.0754730664980474,2.576748,3.3259428,0.8986743,0.02112878,5.4764533,42.75794,-266.90652,92.26786
140,2.0,4.085318603888518,5.929235495126822,6.719773648770094,0.3561005256188241,-1.0,0.0,-1.0,0.9991353821534674,2.9561093,3.3551073,0.7170739,0.02049855,5.7600775,43.737846,-392.38925,313.28366
141,0.0,8.610090603775719,2.291211344340277,5.320370330431336,0.4376316022838763,0.0,0.0,0.0,1.138315860227478,3.00842,3.3428357,0.6589046,0.01696704,8.034233,42.91898,-461.16458,156.06511
142,0.0,5.2358260491502655,3.8505648276675157,5.19292646442736,0.5344841348431051,1.0,1.0,-1.0,0.7436717764970202,2.3134894,3.216051,0.7223035,0.014025158,7.140337,43.534927,-405.20047,202.6215
143,0.0,7.559666233875444,4.351819409656594,5.4176355823006705,0.40352631681963497,0.0,0.0,1.0,0.6723000090477365,2.8006427,3.2644095,0.7738042,0.018569434,7.519847,43.35629,-382.5701,243.55391
144,1.0,8.592087000494681,3.6048261934931576,5.920508171098425,0.6992306366586993,1.0,0.0,-1.0,1.0167352017831093,2.6866164,3.3740404,0.7590199,0.01864105,8.037321,43.66016,-422.42975,236.55417
145,1.0,8.44440127113912,4.0267059222013595,5.1401558096821365,0.3111843744045829,0.0,0.0,1.0,1.1741142435900285,2.3970537,3.263909,0.8124383,0.021296643,6.4151106,40.707634,-353.15887,537.23755
146,1.0,7.391292351844347,4.853107927993104,6.785959117363605,0.45567122604563237,0.0,0.0,0.0,0.8820053978837823,2.976356,3.379144,0.8526023,0.024078382,6.259273,44.240982,-265.46286,180.35626
147,2.0,9.55110436940207,2.8091228861954427,5.9755519504314405,0.4441665570729571,1.0,0.0,0.0,0.9586271567238782,2.8791306,3.2911627,0.78597045,0.021598207,6.24594,43.057224,-438.9643,610.878
148,3.0,5.922629099628024,5.334517567310322,5.834749381069094,0.5795884549394807,-1.0,0.0,1.0,1.0381485112184035,2.6677585,3.2806191,0.6712094,0.015119533,8.958454,43.395645,-358.58865,325.17776
149,1.0,10.779094407437064,3.2140735511784557,5.718209569671617,0.549765163822437,-1.0,0.0,-1.0,1.0062845652667454,2.3939972,3.2644253,0.66531897,0.019050632,8.85431,40.425495,-281.7719,336.88208
150,2.0,11.55255167043952,4.6169698706943265,6.508180479202295,0.42267865208262506,0.0,1.0,1.0,1.1280576487813159,2.486917,3.280638,0.6213272,0.015234324,6.5803742,42.761673,-457.20862,239.79625
151,3.0,8.344869442729284,2.641002176372833,6.180601684679292,0.38438979687002245,-1.0,0.0,0.0,0.6886118584946721,2.427347,3.2558677,0.8144349,0.016026821,6.57564,43.458366,-377.26428,172.80717
152,3.0,7.3467908156786335,3.218414485183466,5.946852384103422,0.4016289250966078,1.0,-1.0,-1.0,0.941117518924149,2.0103295,3.2909422,0.75718814,0.016606549,9.166809,40.77754,-383.53738,202.90529
153,0.0,9.901240409575358,4.013432754998101,6.5192707799493625,0.632440406216295,1.0,0.0,-1.0,0.8054856435578038,3.1437945,3.394307,0.7030802,0.018270185,6.315639,43.7182,-508.2462,224.95398
154,3.0,4.570977832547513,3.3924456587337257,5.167304892726632,0.6331776617985554,-1.0,0.0,0.0,0.7142922191936085,2.5088556,3.331259,0.8485373,0.016200077,7.8081727,43.803596,-376.91974,382.69815
155,1.0,10.432758427196326,3.0262736039244045,6.685587709238428,0.6714566898025509,-1.0,1.0,-1.0,0.9539206380464559,2.5995011,3.1993816,0.7851202,0.022524038,7.934085,43.79183,-207.09789,316.1048
156,1.0,10.158887480553831,4.215232154718366,6.881929251623065,0.40545124395892745,0.0,1.0,-1.0,1.1568509253212724,2.6295388,3.3464496,0.85226065,0.01833088,7.3763514,42.72392,-323.56335,223.23306
157,3.0,4.382013328797853,2.8401822388161837,5.200222803423146,0.4374505437508863,-1.0,0.0,0.0,0.9441317851734066,3.1009746,3.3421137,0.8147094,0.023294736,7.037704,42.40601,-259.07108,115.96289
158,2.0,10.006858671835943,5.469014736199142,5.44383103140025,0.2901948074195828,-1.0,0.0,-1.0,0.7188067610129725,2.2066455,3.2758133,0.7995344,0.016005991,7.64928,42.847702,-390.75632,249.84637
159,3.0,9.422472308183048,5.058023555573284,5.29302638716147,0.6078692901557516,-1.0,0.0,1.0,1.0076835249625158,3.0776772,3.3263688,0.7759867,0.015093563,6.9800453,44.784584,-334.71777,62.08102
160,2.0,7.238698289989165,3.835169211162359,6.564683158508908,0.478060681796226,-1.0,0.0,-1.0,1.0091410274779868,2.4048033,3.3265471,0.6819617,0.016603576,11.727514,42.045494,-213.99039,138.25435
161,3.0,7.656869495066098,4.241564273775671,6.901104655977028,0.5897367129580058,1.0,0.0,0.0,0.9357919683831191,2.7504587,3.3246813,0.7462425,0.015581562,7.5253496,42.764076,-452.95108,171.32343
162,2.0,5.640804138977954,5.4200853908994,6.195163447823443,0.5904148013157796,1.0,0.0,1.0,1.0741281039566892,1.8711144,3.3147848,0.69836956,0.0147121055,10.119466,41.69614,-399.7386,208.51683
163,3.0,8.20320461653428,3.1866364676032792,5.984079924558802,0.2984535280576711,1.0,1.0,1.0,0.7845931020783593,2.7773693,3.3175492,0.50551176,0.025291711,9.155254,43.792564,-600.11505,928.8284
164,3.0,6.603802228004975,5.163063488625529,6.491989794906379,0.25313932248734694,1.0,1.0,-1.0,1.0042530438318722,3.5842288,3.3362265,0.6497011,0.018536022,9.463783,41.111664,-349.75003,161.39865
165,2.0,8.8249818628634,4.572650930845676,5.41234028827171,0.6194723040386848,1.0,-1.0,1.0,0.8931253761556002,2.473823,3.2630155,0.5587622,0.016845787,10.069453,43.392647,-330.5689,241.34015
166,0.0,6.887942954778485,3.936054034377405,6.039085817618789,0.4931023860270311,0.0,0.0,1.0,0.9847671777282287,3.0940833,3.348986,0.86159253,0.021210982,5.7223096,42.380806,-366.52258,297.77106
167,0.0,8.286047342754856,5.457074750497775,6.236068930069205,0.6970200561146267,0.0,0.0,0.0,0.8803892187184098,2.5835338,3.3202684,0.72011954,0.021483798,6.909011,42.692734,-250.33423,115.235344
168,1.0,10.576330345941543,3.0987803675600816,6.82473286023694,0.6014156750759982,-1.0,1.0,0.0,1.121187750355621,2.5703907,3.3722873,0.8831127,0.018412668,6.107159,42.698162,-282.17212,114.84952
169,0.0,11.787338537302098,3.9396680560855057,6.479129549628166,0.5975293715253996,-1.0,1.0,1.0,0.939236506125624,2.2213151,3.286345,0.64958364,0.015415673,11.08075,43.769737,-533.8081,397.26602
170,0.0,4.260636765509512,5.302465833467366,5.889357820219412,0.5068074515825889,-1.0,-1.0,-1.0,0.8225040379718189,2.7075903,3.30122,0.7262502,0.018121898,5.2252946,41.969517,-563.28394,298.58057
171,0.0,6.350186619102692,5.742309120800274,5.1480169712311925,0.3399900045120472,1.0,1.0,1.0,0.6860984964342676,2.2897544,3.3165972,0.7930631,0.01707278,6.006296,41.548847,-390.4251,317.79208
172,0.0,7.466816849202052,3.5765341011351657,5.626856737219441,0.3966396384604507,0.0,-1.0,-1.0,0.8812351876913723,2.614391,3.3264554,0.77839524,0.020463921,6.0765567,42.4326,-329.4716,236.82892
173,2.0,6.144082650930137,3.628048820800622,6.923667171659325,0.4941493578766516,0.0,0.0,-1.0,1.262850184810864,3.3166604,3.3647885,0.82516646,0.020181714,7.0632915,44.289,-356.70087,277.25998
174,1.0,8.429020494088135,2.4760972173006754,6.165031746395911,0.46017229766688483,0.0,-1.0,1.0,0.8480180435447832,2.337912,3.3845675,0.8107627,0.02145603,6.463422,41.981537,-589.3625,473.93805
175,3.0,10.636688238180263,3.261993059515011,5.586885995900411,0.3156677300069445,-1.0,0.0,1.0,1.3038178896006962,2.4109342,3.3440554,0.7701434,0.018597623,6.549484,41.9667,-377.84222,482.8703
176,1.0,5.398136539762094,5.198259524542496,6.0680611287634365,0.40686403028168194,1.0,-1.0,1.0,1.3002774795963585,3.0246499,3.3163471,0.72962826,0.021022668,6.117262,44.2116,-496.7887,318.76196
177,0.0,9.574066672599256,2.8849043178418468,6.14650937943181,0.4534739773008234,1.0,-1.0,-1.0,0.9013357229000635,2.765935,3.2902396,0.7839866,0.023468563,6.750376,44.412415,-354.17035,415.54327
178,2.0,10.888207650600524,3.9523557506916895,6.79191578008699,0.49135654597114337,-1.0,1.0,0.0,1.0331615729010313,2.3167841,3.283572,0.73835987,0.015868578,6.6309843,44.32165,-412.78244,194.03076
179,1.0,10.239929731663109,2.351361345899339,5.707214908435927,0.5956949519185579,1.0,1.0,1.0,0.6672202273479885,2.697748,3.3545868,0.8616826,0.026227146,8.819777,41.441547,-235.70879,515.29443
180,2.0,4.40152093278693,2.062758892253802,6.341402346568686,0.5186031330045796,1.0,0.0,1.0,0.8614740957870758,2.373477,3.2906032,0.58478415,0.01616591,6.473804,44.20197,-615.33923,351.12967
181,0.0,7.256783595748139,5.850995839106126,6.7965159541262326,0.4282311240322714,-1.0,1.0,-1.0,0.8654235603827575,2.511331,3.33014,0.85251266,0.014747673,10.144715,44.459335,-357.37485,212.08992
182,3.0,7.541316674614963,5.3211231203075275,6.696452292713186,0.3000107592466269,0.0,-1.0,1.0,0.864928577729277,2.589721,3.299085,0.74995947,0.014136022,6.0930142,44.568836,-449.85565,65.38212
183,1.0,4.549999921361562,4.6914252160607175,6.856102890456366,0.5110366007902932,0.0,1.0,-1.0,1.1459884069268167,2.1471293,3.3208477,0.758002,0.012665606,5.4782424,44.701218,-411.92593,97.28909
184,0.0,6.455553522744898,5.084446824905645,6.450262821459068,0.33086794785841955,-1.0,0.0,-1.0,0.790285341642576,2.7896366,3.294431,0.711188,0.0197033,7.32816,41.104977,-432.3687,228.4762
185,0.0,7.113401125750459,4.522507340575111,5.860166604340612,0.66543838910502,0.0,-1.0,1.0,0.7551184607944844,2.2425656,3.240625,0.7347327,0.015934747,6.9215126,42.283222,-339.2251,226.46361
186,2.0,8.265851342249942,3.541953128686214,5.315136144369427,0.26357317233970334,0.0,-1.0,-1.0,1.0972033565859431,2.2038321,3.2925553,0.86891085,0.018035142,7.254829,42.112377,-324.567,314.9532
187,2.0,9.561559292505388,3.1351766222830886,6.897903106864867,0.5426599481700145,-1.0,1.0,1.0,1.003460761141346,2.7016215,3.34081,0.7601314,0.022334743,6.3973775,40.83389,-450.69943,469.75092
188,2.0,8.750700853025624,5.628073600235745,6.428162565180132,0.5622158247005586,0.0,0.0,-1.0,1.0680305064011268,3.3842738,3.3115797,0.5920474,0.02702327,6.8183174,44.619778,-398.44827,448.36603
189,3.0,9.911800885940139,5.943562476773732,6.803958665558966,0.4635892469363959,-1.0,-1.0,0.0,0.869252288453701,2.7461143,3.2948377,0.86263394,0.020141317,5.892312,41.340874,-188.08942,62.770782
190,1.0,11.832244463069525,2.467799691089011,5.246425057111181,0.44285451736018294,0.0,0.0,-1.0,0.7985556314705757,2.5701616,3.3055522,0.70018,0.018877326,7.913553,41.827736,-488.35794,351.01706
191,3.0,9.022515479341209,6.025775496984475,5.915057263406323,0.6086064899339447,-1.0,0.0,0.0,0.9475845802794178,2.874069,3.340292,0.56708765,0.02623651,8.969928,40.707153,-379.06723,317.36334
192,0.0,9.528074207415333,4.103807270130789,6.0539036365945496,0.4741637889997164,-1.0,0.0,0.0,0.9571443899312212,2.5514157,3.3159668,0.6595012,0.01891694,7.181872,40.452168,-657.7714,355.74426
193,3.0,9.026267852522768,4.128857498984277,6.69268032176978,0.43974754440855446,1.0,1.0,-1.0,1.326092952512183,2.4631543,3.360499,0.7720736,0.017800247,10.202866,41.584675,-279.65628,277.54163
194,3.0,4.736112120402516,3.4872177782927265,6.97517310143715,0.44506022002839124,0.0,1.0,0.0,1.1813709232816234,3.0927155,3.3030138,0.5827065,0.027516948,8.053186,43.484356,-385.70297,596.3052
195,1.0,5.134785011008377,4.3920424597595495,6.271502232579831,0.6677624421422725,1.0,0.0,0.0,0.8627987253784613,2.0241196,3.3132486,0.71682423,0.015482666,6.930906,44.78138,-404.7233,84.90447
196,2.0,5.70658292223212,4.935631507184686,5.248385657606682,0.33649215016611556,1.0,0.0,-1.0,0.9931935497083065,2.385513,3.2654412,0.73642373,0.017847309,5.1223516,40.285706,-414.48465,251.0397
197,1.0,4.659926370569145,4.510708881507536,6.4981827764426425,0.6255707673867885,0.0,-1.0,0.0,1.3134181371122169,2.8453808,3.3265712,0.86081785,0.017006677,5.739449,43.21575,-453.89417,238.91458
198,0.0,5.657754058921927,4.434043929075338,6.016905992684789,0.6065423668226544,-1.0,1.0,0.0,1.0997587891120664,2.766618,3.3000247,0.6918036,0.018327037,10.090644,42.73789,-348.78745,257.19998
199,2.0,10.833704478228308,4.408043490368959,5.937212850544892,0.5157842176137373,0.0,0.0,1.0,1.2307588580051694,3.3792355,3.3770163,0.59224397,0.025749525,5.6504936,42.71038,-398.53348,305.89056
200,1.0,8.258735052725761,2.5363641741461826,6.441679208750122,0.6451251331301819,1.0,1.0,-1.0,0.905037071015211,2.9699497,3.3776424,0.74331087,0.016755048,6.1332803,43.851917,-467.23053,173.84595
201,2.0,10.903957550249407,5.984660915209853,6.4577677191593,0.4746922706059763,1.0,1.0,1.0,1.086661719540613,2.7080348,3.3885808,0.8333879,0.020370629,6.7787724,41.61164,-313.0836,180.58821
202,1.0,4.990822781497421,2.685339818968902,5.844770482853033,0.5908848392001101,-1.0,1.0,1.0,1.0785997857158902,2.5020244,3.3432724,0.81385857,0.018909074,7.113254,40.53788,-341.45587,144.79913
203,1.0,4.422380774470199,4.381499686142148,5.655503048530708,0.314622447188333,0.0,0.0,1.0,0.828348683083538,2.2398293,3.2865677,0.77091503,0.016622,7.921804,42.101562,-362.99786,293.63412
204,2.0,6.419636143400088,3.333675370534486,5.5247733535367765,0.41052203580941893,-1.0,1.0,-1.0,0.80904141613536,2.5652943,3.3440173,0.71030396,0.02715281,5.4112196,43.58331,-407.94415,552.4904
205,2.0,10.514127194465267,4.0832009884209866,6.7009543414429595,0.40007753273105207,1.0,1.0,1.0,1.218748690473186,2.1511564,3.2506402,0.758847,0.014974178,8.726329,42.692467,-250.92853,83.479904
206,0.0,5.684983791424745,2.143265029978755,6.312940640088237,0.30251502809432307,-1.0,-1.0,-1.0,1.1686886145288735,2.598277,3.3746257,0.712735,0.016807104,7.7576437,41.99476,-500.59402,242.20035
207,0.0,8.903997044815233,4.901633471596213,5.263014121750528,0.370814546281631,-1.0,0.0,0.0,0.9761316917461564,3.1070592,3.3258007,0.6827784,0.02698417,7.3039436,44.083282,-286.79526,424.42392
208,1.0,11.170450672047505,2.668049267064615,5.328365303332786,0.7260497000762134,-1.0,1.0,1.0,1.0001072963488464,2.9166012,3.3396852,0.8772607,0.015795715,6.918171,43.945023,-334.22012,275.8865
209,1.0,8.485636907388972,3.145998569044219,5.207996479860216,0.2385128909841847,0.0,0.0,0.0,1.1540879433584044,2.7996957,3.238528,0.75782496,0.021135187,6.4899664,42.19892,-354.2292,354.99368
210,0.0,9.630392724954696,3.6426195286312595,6.134829067694563,0.5317137890908236,1.0,0.0,1.0,1.0763239786824261,2.7392697,3.2815468,0.78013796,0.015753126,11.510496,44.330856,-389.79544,227.3423
211,0.0,9.325104642049254,4.405960487252925,6.136380356265552,0.5242097005263999,0.0,-1.0,1.0,0.6804493141977013,2.0500083,3.332243,0.77620965,0.0149255935,6.2326603,41.105225,-363.14114,110.39055
212,2.0,9.717556393549236,5.811828470676586,6.18874939721676,0.5680640441707272,0.0,0.0,1.0,1.0523398585475137,2.8221035,3.313187,0.55801827,0.020534942,7.3025484,41.591152,-411.6769,239.73993
213,0.0,6.2124769495108065,5.172744766972138,6.377777027298952,0.3785746556291771,1.0,-1.0,1.0,0.9220265497473938,3.0922904,3.2952745,0.6094036,0.019795176,11.178215,43.124176,-215.60815,123.31746
214,1.0,9.76571548557765,5.587038518933618,6.000070745513577,0.2580615752734794,1.0,0.0,-1.0,1.1520632109139106,2.2914722,3.3109124,0.8184173,0.019740717,5.421279,41.591576,-372.7007,296.7368
215,2.0,10.944376420729174,4.773008295179004,6.535075951067821,0.5274290125287201,-1.0,-1.0,1.0,0.8204655098186349,3.0031648,3.2999935,0.834185,0.017125282,8.448975,44.15888,-339.05255,317.3734
216,3.0,8.984905929778522,3.4117997345373894,6.176140655485026,0.41456932158762605,-1.0,0.0,-1.0,0.8571940301879541,2.8725193,3.2780268,0.75803393,0.018644644,8.011185,42.71659,-261.12906,184.60356
217,1.0,6.8395772063778,3.5009078625994907,5.876884912052842,0.7205328961853924,-1.0,0.0,0.0,1.0494097843171837,2.4668593,3.2213013,0.78403413,0.018953854,6.836666,43.32071,-328.41916,427.29202
218,3.0,6.812049379074883,4.236471900616062,5.829032353574499,0.7274630076067841,0.0,0.0,0.0,0.9180122846708466,2.1593027,3.3282518,0.8949749,0.013389049,6.710291,43.303085,-298.9234,71.864876
219,2.0,4.805248463969752,5.497596533385634,5.953573687505354,0.3901998343795535,0.0,1.0,1.0,1.2737514752512258,2.4783072,3.2832556,0.7861717,0.021873452,7.535242,43.90963,-168.96341,122.86154
220,3.0,7.358556076302219,5.426191513685187,5.447661280916201,0.7356093138638437,-1.0,-1.0,0.0,1.210552235616943,2.4730642,3.2726636,0.5976262,0.018432712,5.6667376,42.885315,-483.43997,324.8714
221,2.0,9.949093343297976,4.6736449979468135,5.532679629806738,0.3623720969451044,1.0,-1.0,-1.0,1.242375421084078,3.072021,3.3145158,0.5247867,0.020750055,7.3114405,42.574036,-441.1275,309.7973
222,1.0,4.223656112400373,5.8905280976912655,5.0186011131618296,0.5539767868680333,1.0,1.0,-1.0,0.7030329235158876,2.0966272,3.3265858,0.7736253,0.01632761,9.809661,44.472286,-273.66748,278.30685
223,3.0,10.363215552358955,3.805007158804351,5.838308620726778,0.7170851778076877,-1.0,0.0,-1.0,0.7959394053281994,3.0086696,3.2558675,0.6217873,0.023466583,5.8524947,41.149776,-398.51273,288.03482
224,2.0,4.673569671629185,4.427993121664835,6.86215163381468,0.3427992739769775,1.0,1.0,0.0,0.8794869231505056,2.6782694,3.3494127,0.92645925,0.01948581,6.3007555,41.579567,-337.80417,341.51465
225,2.0,9.041378692603761,5.802188768804175,5.456742750322275,0.6126572049334786,0.0,-1.0,1.0,0.958187637295351,2.605198,3.382128,0.86123586,0.02509595,6.594378,44.311066,-328.1059,621.1353
226,2.0,10.853487082332016,2.973075022601574,6.296881189390446,0.5217969440558827,0.0,-1.0,0.0,0.9375121899727052,2.7005684,3.2244186,0.66971767,0.019013356,7.108192,42.334114,-339.52466,160.74767
227,0.0,9.107610702736068,5.47323749932232,6.870733860868512,0.30935364012044314,-1.0,1.0,-1.0,0.7349808030568954,2.4794946,3.302203,0.74445134,0.013931679,9.139355,43.019024,-291.22275,113.1582
228,1.0,6.028882896340875,5.312663894935464,6.954887962538083,0.3777159451728424,1.0,-1.0,0.0,1.0453416438297667,1.9490356,3.3566585,0.85729426,0.01748505,9.55038,41.10196,-306.18887,196.45549
229,0.0,8.180921114945937,3.281577450120315,5.182488154237091,0.6498666582802377,-1.0,-1.0,1.0,0.6962485584149083,1.9046463,3.335849,0.66025287,0.017654516,9.910031,41.026295,-388.18713,240.68321
230,3.0,6.063686486926198,4.927946517117464,6.4450087893970816,0.5515288692508742,0.0,0.0,1.0,0.9780166534151444,3.1001623,3.3062754,0.58727264,0.02266606,6.57245,43.82778,-317.79562,218.95872
231,3.0,9.161302147379146,4.835108949337188,6.6530307040842445,0.430427254333874,1.0,-1.0,1.0,0.8330704653782048,2.7784562,3.2858696,0.7725084,0.024200844,5.417458,44.753494,-404.67838,506.72006
232,3.0,7.319518206169649,4.965406354337073,5.721124367454021,0.4419764929533626,-1.0,-1.0,0.0,1.1323096696778288,3.099374,3.402815,0.7836371,0.022604998,9.901986,41.75055,-254.86163,208.00505
233,1.0,7.2281266517009355,4.021041516652396,6.568748588730111,0.505059069660756,0.0,1.0,1.0,0.7642283443207714,2.5775697,3.3513758,0.8173847,0.01850904,5.639869,40.994293,-384.88013,110.05414
234,0.0,11.012754561320037,4.112596485754104,5.196771879776749,0.7074259276460351,0.0,-1.0,0.0,0.785462085662217,3.17071,3.3235579,0.75192803,0.021129286,10.487366,43.119957,-261.498,232.37596
235,0.0,10.10059428880552,5.7709066419113,5.339429955125136,0.5702335059472396,-1.0,1.0,1.0,0.9938619257744128,2.486283,3.3816435,0.91906774,0.015161754,5.4915504,42.40147,-455.93945,56.88163
236,0.0,5.941430560353192,3.04876751488063,5.607650754354108,0.5303359366991639,-1.0,-1.0,1.0,0.8113547229722753,3.1226234,3.304636,0.6890674,0.023493743,5.289979,40.943913,-335.47113,46.71129
237,1.0,5.959600678688817,5.789052693735588,5.650574477550647,0.663326744647326,0.0,1.0,1.0,1.1218973398238594,2.2209184,3.384878,0.8448576,0.014211371,7.556164,43.136246,-422.6374,79.600555
238,0.0,8.673634242885177,2.299218570375902,5.78917928765532,0.7470867530153634,1.0,0.0,0.0,1.329918880749886,2.007246,3.2151105,0.7473466,0.01395,6.4915953,42.877098,-355.46777,105.67466
239,1.0,5.338856274891419,2.43381924994762,5.8482154958630925,0.4214053248751528,1.0,-1.0,-1.0,1.107744894792,2.9485614,3.3266103,0.8462106,0.019179564,6.0756774,44.680786,-371.38275,406.87857
240,0.0,5.580579832481542,5.2343306685635005,5.738962535607144,0.37411104254603933,0.0,0.0,-1.0,0.9758883527040779,2.398551,3.3121393,0.6878757,0.019165805,6.3389244,41.970028,-434.1384,422.97324
241,1.0,10.667973061589215,2.23988005404974,5.883184357679856,0.6548192125908121,-1.0,-1.0,-1.0,1.1968336751443047,2.4586427,3.3344674,0.62487274,0.014112226,5.8223763,43.291622,-634.2902,177.84283
242,3.0,4.186337910106882,3.818209621010242,6.579428954351714,0.7590030142168859,0.0,-1.0,0.0,0.8413405532438589,2.783619,3.2982144,0.8998225,0.01999098,5.9495163,41.856743,-380.38257,173.30438
243,3.0,8.565875241674156,2.4405590617434805,6.7950265241671035,0.35516689910913496,1.0,1.0,-1.0,0.7536961038982857,2.4706986,3.3612528,0.86683637,0.018930089,10.046859,42.176758,-357.86078,325.91776
244,3.0,11.331641232790258,3.0875548403505038,6.7450308638668695,0.3177688570219219,1.0,-1.0,-1.0,1.2083148245857767,2.7831337,3.295288,0.64894617,0.020633738,9.540564,44.390697,-217.27306,183.77997
245,3.0,11.152561894904556,6.03808362014685,6.847821259204959,0.4773249152366424,0.0,-1.0,1.0,0.8351256933904511,2.890721,3.27998,0.8202897,0.019887261,7.130452,43.69163,-266.7427,190.44078
246,2.0,7.178741388097237,5.488132190308542,6.234925801925441,0.5347267657411351,1.0,-1.0,0.0,1.0199183196335837,2.7689257,3.2615855,0.70941305,0.021685258,6.9658527,43.312763,-560.5431,363.8812
247,2.0,10.966483995780177,4.610383863156043,6.709778269112941,0.4984844836250775,0.0,-1.0,-1.0,1.0618630206926845,2.714663,3.3352208,0.6787173,0.019393234,8.669091,40.93503,-350.6906,173.96931
248,2.0,8.161634814967774,2.9161790271336696,6.924523329056525,0.38726495602182187,-1.0,1.0,0.0,0.871574643971645,2.6245565,3.3141813,0.7578574,0.018682191,5.551452,42.917713,-307.48965,200.265
249,0.0,5.229724811909559,4.279416282302338,6.264492055052331,0.3655890397948001,0.0,0.0,0.0,0.8269312850844962,2.6445932,3.2971349,0.8662733,0.018108541,11.023044,41.230816,-419.42422,370.0467
250,3.0,4.602816495962834,3.2993195267976176,6.667488024063539,0.38146969152194105,0.0,1.0,1.0,1.1168428164917756,2.7479756,3.3482761,0.68683547,0.02221692,6.9612904,40.520744,-483.00888,331.0423
251,2.0,8.414711261527701,3.550365078505168,5.612102319385089,0.3272244081964537,0.0,1.0,-1.0,0.8907529072861754,2.9533875,3.3232267,0.7191937,0.01918968,9.961138,42.078106,-336.15094,271.86972
252,3.0,9.958748783409842,2.330480297737795,5.487108594688185,0.45024871649979653,1.0,0.0,1.0,0.8443437270492862,1.8108857,3.261447,0.80507934,0.017196417,8.622469,41.20156,-265.767,237.99948
253,2.0,5.098626609239835,2.879791626923435,5.3724877187450435,0.49482593458534535,0.0,0.0,-1.0,0.9560381636313444,3.0592537,3.3395536,0.7270344,0.026390368,5.6006203,40.52623,-326.39548,568.17975
254,3.0,5.806499722773668,5.675554042960338,6.6376817467296405,0.659511347236316,0.0,1.0,-1.0,1.0373923683476016,1.9674414,3.3100421,0.8043076,0.014405264,9.162909,42.752544,-303.30704,164.63734
255,3.0,7.490572622394791,4.577648556962657,5.674841201887061,0.5093037088384483,1.0,-1.0,-1.0,1.2025081853228516,1.9851303,3.3198283,0.8659839,0.018133517,5.2702384,42.769157,-309.44562,276.6344
256,3.0,7.302865421194278,3.4637543485637643,6.106457945458743,0.5572632350057517,1.0,1.0,0.0,1.2675198029632588,2.6988964,3.306673,0.63938266,0.01549639,5.784789,42.61841,-504.81406,146.13286
257,1.0,8.954778525085796,5.029383072108619,6.2581720429451115,0.3062039076345183,-1.0,1.0,-1.0,0.9404577047042282,2.2398798,3.2942703,0.84395087,0.019629812,6.899178,43.351402,-222.1037,137.86542
258,2.0,5.48939976277378,3.0201644080329304,6.060437387071498,0.2468439033267314,0.0,1.0,0.0,1.0226621858367642,2.7593062,3.3362372,0.8048687,0.026500978,7.2255964,44.83983,-166.24069,344.4881
259,1.0,5.6079317740687795,4.136474650934013,5.117827359196858,0.3525834808816573,0.0,1.0,-1.0,1.0878665568179697,2.6178687,3.384104,0.79046166,0.021306042,8.48377,42.276577,-417.80774,609.78937
260,3.0,4.008374563106104,4.971911422026356,6.044860505222227,0.5761624161606032,-1.0,-1.0,0.0,1.193339658969799,2.9793217,3.3249202,0.8079233,0.026501957,6.187971,43.186996,-428.65942,648.2115
261,2.0,4.265896835836335,2.708100871103626,6.331491869711325,0.5225141518191625,1.0,0.0,0.0,1.0143129691040458,1.8899776,3.2556334,0.72146106,0.017531937,6.7725196,43.61306,-397.36996,232.2165
262,0.0,6.218441471783569,3.4501130630521657,5.397986965659757,0.46663364679739056,0.0,0.0,1.0,0.926593821073938,2.735702,3.2941525,0.778046,0.02003288,8.890564,41.864674,-334.32904,220.72296
263,1.0,5.020694589940499,3.1323191933110253,5.540622949898293,0.41162485505835855,-1.0,1.0,1.0,0.9747494226822242,2.8332171,3.342471,0.8975041,0.018785417,5.3808312,43.37587,-330.8564,208.31549
264,1.0,7.444004034513463,2.9794896309977714,6.980326160157884,0.3314617762863412,1.0,0.0,0.0,0.9721770264122931,2.6872025,3.2935169,0.7163227,0.0154022,5.438041,42.633545,-381.27356,141.53516
265,0.0,9.857937336038717,5.9057245332014965,5.047784336113934,0.46268605065287394,-1.0,1.0,0.0,1.103052494306171,2.8029196,3.2990522,0.77314746,0.01943822,8.780008,41.590122,-413.80627,252.26044
266,3.0,6.832421127807358,5.864077908878946,5.307447841434307,0.4238182162751425,0.0,1.0,1.0,1.1250288271928142,2.9396944,3.1811526,0.74602354,0.021720376,5.456451,43.092007,-321.76834,287.39578
267,2.0,5.798560096045591,4.414060997289683,5.209230481623232,0.5250758298121199,-1.0,-1.0,0.0,1.1043231916031577,2.4709945,3.2572007,0.79838073,0.025152892,5.417387,42.193905,-374.00757,705.89246
268,2.0,4.884862646100181,3.5918436932817146,5.75017630101429,0.7366013762954494,1.0,-1.0,-1.0,1.090963672387757,2.2047958,3.3244002,0.81725967,0.01880714,8.082338,41.002377,-323.9879,224.49113
269,2.0,4.338114554282283,3.39820295228883,6.933734999658143,0.4461420442174534,1.0,-1.0,0.0,1.2983467579458408,2.745398,3.288744,0.76858336,0.01657177,6.095045,42.295036,-451.21954,198.37883
270,3.0,11.89084729837245,5.757023307496803,6.030342850443764,0.5407132807980972,0.0,1.0,0.0,0.9545833166165894,2.2365823,3.294767,0.9025069,0.017399594,7.7889047,42.80149,-209.07663,90.01587
271,2.0,8.234448219853299,4.800452724570767,5.592588333592399,0.6818250196986074,0.0,0.0,-1.0,0.8174369374232174,2.9454143,3.28584,0.6977997,0.01655743,6.000771,43.959126,-423.54498,59.380035
272,3.0,7.836958781547175,3.5607791759306906,5.6969643979788875,0.3909952038496281,1.0,-1.0,1.0,0.8960220440055029,3.1672454,3.2833457,0.75779486,0.020338481,9.017681,42.481346,-463.72586,461.5582
273,2.0,6.274389548754514,2.399881892826883,6.957740460386255,0.2936580835309124,-1.0,1.0,1.0,1.1661828831703644,2.5613463,3.2932968,0.8307467,0.013679593,10.678693,44.558712,-275.17743,68.52428
274,0.0,11.369712420462905,5.4351942516320895,5.734746954673622,0.2971174341493228,-1.0,0.0,-1.0,1.3067872326925922,2.2760086,3.2562242,0.6739123,0.016670715,6.94196,41.708405,-380.15897,133.08861
275,2.0,6.1689967224888544,3.9588214852644277,6.609399541993676,0.463766509062329,-1.0,0.0,0.0,1.1752283009284568,2.6417842,3.314555,0.75075513,0.016363915,7.05964,42.6172,-321.0763,71.07455
276,2.0,5.899507057402284,4.455201939965544,6.1035089653258146,0.618470674862285,1.0,1.0,0.0,0.9666810051484275,2.5084608,3.3829973,0.8338881,0.01657498,6.4049783,44.199387,-496.21655,373.76547
277,0.0,10.934399079285233,3.4667380258006113,6.6055491661438355,0.3475031687088364,0.0,0.0,0.0,1.1482682871251022,2.697195,3.2880816,0.7956799,0.013230519,7.1885533,44.311577,-426.36185,133.19943
278,2.0,10.030172974540182,5.189831778813113,6.892594869680902,0.34650970276513016,-1.0,-1.0,0.0,0.9609715875317155,2.093828,3.249915,0.738621,0.013922827,5.6735134,42.876244,-393.91544,102.07672
279,0.0,5.50064423668762,3.440023302537266,5.4903508777059935,0.40378534196029475,-1.0,-1.0,0.0,0.9007455833035892,2.8633392,3.2505524,0.76538134,0.021449931,5.484289,41.640415,-369.63046,246.91565
280,0.0,6.30022093213258,5.110181230483267,5.439095958039172,0.35930048767082456,1.0,-1.0,1.0,0.9827847474988154,1.9654572,3.376341,0.7913879,0.016936237,7.340773,40.956482,-385.58844,270.87387
281,2.0,9.6040772847416,4.750811768723922,5.571009615278185,0.623518779864318,0.0,-1.0,1.0,1.2472987441497867,2.8160167,3.347829,0.7298749,0.016856499,5.7969475,44.699394,-537.8666,259.02866
282,1.0,8.738198779489844,5.605120659767873,5.801267703566707,0.5738369520900723,1.0,0.0,1.0,1.2288053763104914,2.5307825,3.3236785,0.829131,0.01988282,6.3446383,42.130024,-363.48056,286.7213
283,1.0,7.999987917568415,5.07270946747209,6.766940476257331,0.6291313187954032,0.0,1.0,-1.0,1.036055573761574,1.9882232,3.2888494,0.68804264,0.01358387,7.192789,44.19918,-417.41977,294.6036
284,1.0,11.470502353051682,3.909135638517399,6.280247335168384,0.5939597893291683,-1.0,0.0,1.0,0.9629165557070242,2.2230923,3.272977,0.77737975,0.016922515,7.5658207,40.37079,-261.93448,241.08907
285,2.0,10.202351303566159,6.103470103123877,5.145972630927408,0.7519686640354523,1.0,-1.0,1.0,0.952257183496289,2.7180727,3.3216364,0.8540127,0.02009954,6.084269,40.715694,-433.44803,349.15152
286,2.0,7.018869031561794,5.2555365378762655,5.02593529041843,0.26011068397651105,1.0,-1.0,-1.0,0.7889811592017175,3.0009768,3.3170104,0.6811529,0.01993689,6.040132,42.625576,-408.11716,153.58664
287,0.0,7.792105008156669,2.15660359013389,5.401099225382072,0.4830429761137422,0.0,0.0,-1.0,0.7819291338104986,2.135134,3.3003047,0.66415995,0.0148595795,9.282053,42.02095,-405.1692,209.41147
288,0.0,9.746003256146803,3.7167289122396863,6.712656365012782,0.48865536260565773,0.0,-1.0,1.0,0.7998306953920451,2.8779786,3.3053486,0.6106868,0.022230146,9.376514,43.172077,-303.1034,192.42079
289,1.0,7.404674486040765,4.78689723283571,6.833032176736216,0.5363106892014399,-1.0,1.0,1.0,0.9738216756744319,2.4280305,3.335276,0.80539,0.0217642,8.008774,40.560093,-318.19016,333.37668
290,0.0,11.856758153464938,4.637349927888895,6.905648594636879,0.6948456833535822,1.0,1.0,-1.0,0.8340704423445416,2.1324074,3.2427726,0.83905536,0.018618284,5.2789574,41.246357,-394.0157,243.23528
291,3.0,4.794712752875521,3.7320636847376405,6.484439378563329,0.41263147284932433,0.0,-1.0,1.0,1.2235012871353654,2.3155537,3.2914762,0.7194552,0.022551637,5.122635,40.55514,-378.39893,457.21518
292,1.0,4.825167141590127,2.555132611648352,6.404288005672652,0.6895283534801274,0.0,-1.0,-1.0,0.8975117756942073,2.7651513,3.3713627,0.7821173,0.021435611,11.04861,40.716103,-222.30467,129.38295
293,1.0,6.731787572967316,3.001600876837604,6.727864258358671,0.361752304165229,1.0,1.0,-1.0,0.9612432850959061,2.0302355,3.3059092,0.7447926,0.0140223345,6.497578,44.191418,-427.21185,286.49594
294,0.0,11.970480638218392,5.511111228791609,5.41179694914353,0.5789454512383496,-1.0,1.0,-1.0,0.8102558503031144,2.6636488,3.2775295,0.57684565,0.0212771,6.8849015,41.20124,-408.624,314.35056
295,2.0,9.284871077090319,3.554111130600534,5.168203417901218,0.4718075531709266,-1.0,0.0,-1.0,1.0188866572263988,3.132592,3.3185673,0.7138684,0.019536491,7.142908,42.910843,-245.83153,197.09653
296,1.0,5.033247996793407,3.2938759602150167,6.1308770434168425,0.4657751516352534,1.0,1.0,0.0,1.0612252091642558,2.2741551,3.2780719,0.7330724,0.01470819,9.93128,42.886326,-326.2002,249.37811
297,3.0,6.597574076876644,4.873930491414683,5.970349059443063,0.6803851748441734,1.0,-1.0,1.0,0.6775017024376979,2.2387516,3.276298,0.678343,0.019083764,5.584872,43.524826,-327.16446,319.54214
298,3.0,6.734275284470533,4.362457768053677,6.748548079306882,0.5310465403168869,0.0,-1.0,-1.0,0.7477333536279024,2.9835913,3.342465,0.8954616,0.018164646,7.994853,41.046906,-347.97546,281.64633
299,1.0,6.853775923864915,3.614399210171432,5.5556788186519395,0.2944606761628618,1.0,1.0,0.0,1.2174227572648149,2.6215324,3.2540312,0.5681455,0.01633743,5.9581103,43.750248,-590.60724,286.12305
300,0.0,11.753476543606228,3.98685208637737,5.867529246086057,0.7304792044497754,-1.0,-1.0,0.0,0.750721071310757,2.2083225,3.2923188,0.64396167,0.019087717,8.145165,40.954388,-448.2327,224.69893
301,1.0,4.924928505990392,4.884924557994982,6.433394769948556,0.7338461973744325,-1.0,1.0,0.0,0.7247047505173363,2.7786345,3.3446095,0.6244942,0.017049741,11.008167,42.615746,-311.96698,54.32192
302,3.0,4.305403943167618,5.098340726999633,5.124244964469205,0.4617291114446251,1.0,1.0,-1.0,0.91525349264102,2.700564,3.2572606,0.60880613,0.01592473,8.179977,43.038506,-411.8753,49.535564
303,0.0,11.121200236615191,4.567906927755396,6.9972092561770545,0.48987186564067225,1.0,0.0,1.0,1.1477548311148618,2.3106563,3.3123832,0.6815545,0.016196031,11.76535,41.713234,-269.34232,103.19595
304,2.0,8.113542460082602,2.5857777782049576,5.483826509030752,0.4960947741274148,-1.0,-1.0,0.0,1.1352067936454442,3.2118928,3.3415136,0.818564,0.016365586,6.38662,44.010414,-372.62598,161.62233
305,2.0,6.635629513810883,5.117508652846487,6.706371139211944,0.2832865939821203,0.0,0.0,-1.0,1.1141655881969132,3.183638,3.308679,0.85870975,0.02144594,9.349502,43.946957,-266.67236,303.4661
306,2.0,8.712817074911468,3.3661818070593394,6.759641767419037,0.2703075393828289,-1.0,1.0,1.0,1.2016808289497267,2.2408252,3.2982936,0.64670885,0.016740538,11.223312,42.813545,-336.74106,273.58667
307,1.0,5.867255108465891,2.6437011910723305,5.898076440881345,0.4569866214999596,0.0,-1.0,0.0,1.172632995021318,1.7572739,3.2752314,0.8037617,0.016168458,5.4564767,40.12505,-434.9657,355.87598
308,1.0,5.633227697217101,3.6736436051693646,6.225233144245079,0.3975476927569535,-1.0,0.0,0.0,0.9956114308919606,1.6456661,3.3660154,0.85545135,0.015564813,9.050669,42.768436,-241.66367,281.06332
309,0.0,8.633813126001744,4.003227535171731,5.009147656425622,0.6171579759796595,-1.0,1.0,-1.0,1.1655884922141506,2.290088,3.3258631,0.75340873,0.022064941,7.8834667,40.91899,-344.30136,349.90924
310,2.0,10.28840752396216,3.7392567555982263,6.734438227949415,0.4538488797987609,1.0,1.0,0.0,0.8879909857946109,2.2506058,3.3175685,0.70264983,0.014080445,8.112027,42.867935,-399.84708,125.50825
311,0.0,11.338464845992991,4.547914401344376,5.474587035407684,0.5686181016907395,1.0,0.0,1.0,1.0238260012800158,1.8996706,3.292825,0.6514134,0.01427291,10.148944,44.550343,-326.09567,221.6029
312,0.0,9.67082574561496,3.5960484846684877,5.431222555341233,0.35739254837777507,0.0,1.0,-1.0,1.2901941614728105,2.8216548,3.284185,0.680041,0.020398036,9.535087,41.32338,-250.07666,213.63635
313,1.0,9.441034838416398,5.150386875889111,6.658483210772792,0.4352969930347186,-1.0,1.0,0.0,0.9818336435074565,2.5726545,3.3123703,0.7337846,0.014932514,7.5766354,42.90612,-356.3984,36.018837
314,3.0,5.28968632919228,5.657764645049902,5.501981259082505,0.2844058828806346,1.0,1.0,1.0,0.7872902544475668,2.0277777,3.352771,0.76594037,0.01875999,5.9417562,41.813793,-398.90076,272.7266
315,3.0,11.125553102088295,6.054840941778046,6.5037812795413235,0.3888069221117624,0.0,-1.0,1.0,1.232749125664768,2.1367993,3.3392184,0.6670019,0.013642121,9.21424,43.767166,-409.66913,179.77432
316,1.0,8.40489296599951,4.765603811126751,6.230615370297501,0.5075824801156154,-1.0,-1.0,1.0,1.184976908057902,2.7850232,3.2474153,0.60604,0.01732441,5.7106953,43.65055,-446.11606,139.4123
317,0.0,4.858909630039293,5.88209575201571,6.94622715644891,0.29220539410478275,0.0,1.0,0.0,0.8702155327055564,2.1542373,3.3173296,0.5497271,0.015319602,11.193582,43.48549,-405.75476,236.16028
318,1.0,6.460702818959633,5.383955392247171,5.779522395910146,0.28029648877066893,-1.0,1.0,0.0,1.227703669595861,2.2193449,3.2674894,0.6716738,0.018016255,8.914869,41.972744,-329.9341,251.38535
319,2.0,6.948476084715987,5.136074768340393,5.178804194414069,0.3224953023635878,-1.0,1.0,1.0,0.7303653183961689,2.4313838,3.3523407,0.8315416,0.017963327,12.167355,43.799496,-116.4533,254.64995
320,0.0,10.749937296209229,2.743704188108424,5.758913524392961,0.5720454897117193,1.0,0.0,1.0,0.9159794496363167,3.1330457,3.327948,0.7221507,0.019082028,6.4756055,42.770462,-353.73215,215.08224
321,1.0,9.24798650283339,4.978181684850361,5.26822892288188,0.43103870759295243,0.0,0.0,0.0,1.2719885967780118,1.8505175,3.299622,0.63046575,0.016109623,7.738971,43.912815,-477.51044,255.29854
322,2.0,9.173935377575871,3.3225264648915562,6.730653953235366,0.4809205603851306,-1.0,0.0,1.0,1.0347124752623629,2.2868247,3.336717,0.80442435,0.019272871,6.414062,41.009296,-400.77515,433.00485
323,0.0,10.139026271746918,4.592877330857142,5.948964216443486,0.4592179159675985,1.0,1.0,0.0,1.0474843352049827,2.2419415,3.2490828,0.6717917,0.015409559,7.208851,43.704456,-455.54288,325.50397
324,0.0,6.905876137742461,3.3777849924331687,5.03278938513726,0.5581990633193975,-1.0,-1.0,1.0,0.9799668488849584,2.9500675,3.3334126,0.7917107,0.018863745,8.46429,41.894386,-499.3604,343.24033
325,2.0,9.645049219755874,4.155750608923214,6.942205247496268,0.5058190293860112,1.0,1.0,-1.0,1.31918280335341,2.7186863,3.3421032,0.79467434,0.026151977,5.294959,42.076595,-375.25568,709.4742
326,2.0,7.102385101697049,5.008869358213581,5.544917942630743,0.39541795416174413,-1.0,0.0,-1.0,1.145236518907269,2.7890365,3.287573,0.7371691,0.016272832,11.785278,42.366512,-341.01053,216.21063
327,1.0,7.2556024537400035,4.861842775447402,5.191362541153298,0.581305307159445,-1.0,-1.0,-1.0,1.2226778200098916,2.1064124,3.343787,0.718087,0.013816329,6.387394,44.531628,-463.47037,167.05815
328,0.0,9.37265745725217,2.9068383184265025,6.219479253179703,0.2667906967522306,-1.0,1.0,-1.0,1.0735523369865898,1.7540271,3.3446805,0.9028364,0.013412473,6.916724,42.927166,-335.84412,188.05713
329,2.0,7.511128407319112,3.930593312207138,6.754033607830326,0.7243458021727885,1.0,-1.0,1.0,1.0644199903098033,2.871666,3.3457897,0.57088023,0.024956346,11.542467,42.01594,-586.2131,854.49
330,1.0,8.62130473406826,4.907673870761007,5.102904533334857,0.4361203077533845,1.0,-1.0,0.0,1.2380881011478975,2.2678025,3.3552,0.7386265,0.016862001,6.982102,41.793217,-287.5239,108.79805
331,0.0,9.208025087566712,4.063228900797613,6.742324298657493,0.35144146603175686,0.0,-1.0,0.0,0.9453227090282609,2.6637197,3.307924,0.79422694,0.015465897,6.7979302,43.182888,-382.79242,212.55807
332,3.0,5.44556092834679,4.099094412389734,6.619181249088978,0.7231389345276993,-1.0,0.0,1.0,1.3380722005109367,2.057381,3.280061,0.6041636,0.0150109,8.9493265,43.7425,-481.79684,240.76567
333,3.0,10.444736450984962,3.1133475761498346,6.09337245436822,0.4673446262825092,-1.0,-1.0,-1.0,0.9591505606319578,3.2140272,3.3328288,0.8403373,0.021209383,6.837453,44.759155,-244.33766,41.140186
334,3.0,6.115482911433627,4.38456339163217,5.636657038951998,0.3823118202399808,0.0,0.0,1.0,0.9262318630489397,2.6973615,3.3017886,0.5937677,0.01740299,10.38854,44.359997,-395.84787,224.63295
335,2.0,10.109755289690993,3.455162213154737,6.033278134959468,0.538818544187622,0.0,-1.0,0.0,0.9918847144386549,2.8840878,3.28148,0.61629933,0.019392483,6.3191586,44.282166,-428.49194,201.82468
336,1.0,5.214753591672501,2.370675680966384,5.252114075374379,0.637687140934595,1.0,1.0,-1.0,0.7224987041959017,2.8489273,3.2954662,0.73365307,0.022772973,7.8543005,42.24091,-381.8252,349.59274
337,0.0,9.994804156140823,3.8100889508339613,5.382887341811029,0.39274096309148593,0.0,0.0,-1.0,1.1929056786142513,1.9551706,3.289334,0.83530456,0.015970014,5.943882,41.48275,-346.1251,232.39243
338,1.0,8.937631485090558,3.6491077038501945,6.819606294691647,0.5020786020491383,1.0,-1.0,1.0,0.9876791672874012,2.06481,3.3423269,0.7868828,0.016667392,6.8321095,41.34217,-290.60703,117.98172
339,1.0,5.371562468159116,3.7864852193691125,6.494977856552247,0.27826100671609044,-1.0,-1.0,0.0,1.096632848961892,2.5971847,3.2736485,0.60825264,0.019326726,7.964227,43.699345,-433.92145,375.84528
340,1.0,9.062312762562867,3.6362718162224015,5.808650640539766,0.48361798491915575,0.0,1.0,1.0,0.9885243623018215,2.3616977,3.3252456,0.83681476,0.021685531,6.907228,41.357723,-351.74924,362.1841
341,2.0,11.057631980598092,2.4062569682321495,5.52025226686556,0.23580532435640827,0.0,0.0,1.0,0.9973011865959324,2.4879696,3.31057,0.746675,0.021231456,7.360964,41.024902,-437.86774,532.1281
342,3.0,7.4281189690869525,5.829214741282654,5.319181437462056,0.3257241452675984,1.0,-1.0,-1.0,0.8774577394520331,2.2261324,3.2357173,0.58405584,0.017585527,7.6074705,42.940125,-372.69687,154.55286
343,3.0,9.47704191289004,3.97213471368475,6.108542041921727,0.319387369778066,0.0,0.0,0.0,1.1153043142716654,2.374263,3.2858245,0.6046237,0.018590365,8.034233,40.581024,-404.17938,236.9829
344,3.0,8.981203827913248,3.2577665415703465,6.6244301635103575,0.6349265248475882,1.0,-1.0,-1.0,0.7770052852569183,3.1193259,3.3233447,0.64326805,0.018213399,8.125854,41.338467,-479.0114,172.14073
345,2.0,11.476507486542257,4.175694392183242,5.303154037402348,0.7109899943276475,0.0,-1.0,1.0,0.6930649533242005,2.1383834,3.3748767,0.80630106,0.01624308,11.008933,42.870075,-306.70728,165.18207
346,3.0,8.476044293301769,4.469923351365925,5.264326456861392,0.3014796087228336,-1.0,1.0,-1.0,0.7461692439730447,2.845127,3.3144462,0.6616636,0.019400904,9.497715,43.32907,-149.44673,205.03543
347,3.0,7.820535199367866,2.171981174360629,5.726388564364511,0.26459774512537726,0.0,-1.0,1.0,0.7161496238083058,1.9718632,3.334833,0.85997975,0.012286009,8.034014,43.80298,-552.33997,205.70047
348,1.0,7.006537538166107,3.2271563364745246,6.9089697544896715,0.5142594288171064,1.0,-1.0,-1.0,0.9534268588983386,2.6462605,3.3605528,0.7768561,0.015221477,7.290188,43.331738,-383.1183,80.11602
349,0.0,9.136921923384232,4.051291435120502,6.023432863937154,0.5799709976163991,0.0,0.0,1.0,1.1839523448262428,2.3526008,3.3471465,0.8852248,0.0147358375,5.045027,44.277405,-444.03717,174.19858
350,2.0,10.080548052480705,5.504525187693291,5.710367223567495,0.41622421265072623,1.0,1.0,0.0,0.7665058555976649,2.095277,3.2362041,0.71567565,0.010990481,8.881586,44.16555,-407.84073,241.63007
351,3.0,4.687473745067021,5.784717266828242,6.599827464391421,0.6931374551069599,1.0,1.0,-1.0,0.7695954751300977,3.2103395,3.26843,0.7559996,0.023900324,7.3459964,42.694492,-216.29007,350.40356
352,2.0,7.380054067694062,4.7150038484794905,6.813850324018099,0.5469732570601191,1.0,1.0,0.0,0.8454840392366274,2.916307,3.3005593,0.842908,0.020751456,7.395868,42.244137,-198.85316,176.55864
353,2.0,9.237421776373365,5.3531665763448375,5.843289323685437,0.3672720418201209,-1.0,-1.0,1.0,1.0839870126158673,2.7382667,3.3627963,0.77038175,0.022458179,10.078032,42.689487,-263.55945,180.55342
354,2.0,6.699055555403527,3.5259143805714883,6.466649492298601,0.336842853904289,-1.0,0.0,-1.0,0.9167491444522329,2.4751725,3.3383248,0.82622904,0.01761301,7.571568,41.656013,-242.73262,196.22275
355,2.0,6.523631579302572,3.8849989513224106,5.8933674553006545,0.678857445786698,-1.0,0.0,-1.0,0.8941921699962764,2.698976,3.2735574,0.7115756,0.025394356,9.639817,43.31663,-272.40817,556.0828
356,0.0,5.408869568729554,3.1902198506703523,6.043582790491635,0.44581862468577216,1.0,-1.0,-1.0,0.9641198648647445,3.1891465,3.3706276,0.823064,0.01624776,9.7237625,44.652702,-388.74942,193.44028
357,3.0,8.787239334427232,3.172355735266516,6.879663115408763,0.31273790723471695,0.0,0.0,-1.0,0.9320339354611307,2.216959,3.3619623,0.79352516,0.01614704,6.072305,43.01956,-334.28217,154.7759
358,1.0,9.385094780285286,3.652092814937836,6.4117660372390874,0.48784154809131824,1.0,1.0,-1.0,0.8300319669752898,2.185299,3.2624023,0.7202381,0.014465401,8.417006,43.84407,-286.5991,134.3119
359,3.0,6.587215814583189,4.6076903728646945,6.780350871933127,0.5380476945515418,0.0,0.0,0.0,1.028921808404288,2.8043902,3.3808165,0.66270757,0.020781245,9.858287,43.665134,-484.42935,406.25467
360,3.0,10.331281021342319,5.3371590155839534,5.053230680606783,0.4520103861252073,0.0,-1.0,0.0,1.0015328861592194,2.384967,3.3094134,0.77076817,0.022315355,5.679222,42.746487,-341.07,596.9514
361,2.0,5.8214426816189215,2.1322187036758677,5.4322926583845765,0.457940574770097,-1.0,1.0,0.0,0.8832005613316546,2.1888201,3.2974346,0.71703005,0.0118761845,7.4102964,42.568947,-385.72232,33.1201
362,3.0,6.365761779417858,3.849118016524737,5.187119826470256,0.5947606166061139,-1.0,1.0,-1.0,1.0468741271743143,2.029404,3.2471564,0.64543235,0.014212919,5.0736756,43.782555,-526.1431,343.1661
363,2.0,8.946215165030786,2.2176037771706785,5.916651692189264,0.24523540178655523,-1.0,0.0,0.0,0.9121353611354599,2.4650526,3.3244596,0.73133296,0.018343676,9.865528,42.265278,-418.18997,302.46252
364,1.0,8.509025883633605,5.06010196181079,6.931377276896999,0.4246078133459219,-1.0,-1.0,1.0,1.2841046642419915,2.3198519,3.241929,0.611901,0.01646269,7.813117,44.7967,-384.60257,139.14655
365,3.0,8.650376668637172,3.122820201490683,6.260651445426285,0.49981463865848,1.0,1.0,1.0,1.1343140669641847,3.0457492,3.2472794,0.80730444,0.022493765,5.4068213,43.66177,-218.10846,309.89398
366,2.0,6.6842797637534215,3.304573411047849,6.295572206263146,0.4732642651674232,1.0,-1.0,0.0,1.292700396593499,2.6290421,3.3483632,0.85821265,0.016328635,10.364334,43.968216,-305.5415,204.74077
367,2.0,4.624537176220895,3.711663309330019,5.4228561959785,0.6268795225194834,1.0,0.0,1.0,1.2597149798830802,2.8653042,3.267093,0.79583645,0.019224402,6.4651155,42.459595,-373.85074,100.03158
368,0.0,8.694875450594827,3.248302553488875,6.650964890000761,0.67025350684559,-1.0,1.0,-1.0,0.9657557642025025,2.5229566,3.3147788,0.7478818,0.016374854,12.239766,41.844105,-416.46942,240.28062
369,2.0,6.479237832441619,4.138345291423671,6.691838181014741,0.5453788229756071,0.0,-1.0,-1.0,0.9144220747250043,2.5151858,3.3424747,0.8269594,0.023866443,7.5874677,40.34292,-437.0447,464.5471
370,2.0,4.20840559728523,5.07412306701937,5.2865921845875805,0.6202115122277689,-1.0,-1.0,0.0,0.8996865638617857,2.401116,3.3044426,0.70518345,0.017245347,6.2496705,43.598743,-395.8027,314.6306
371,3.0,7.681179751739684,5.4103099564077635,6.512552469542164,0.5524573540430144,1.0,-1.0,-1.0,1.2701178096191221,2.8221889,3.265956,0.8619983,0.017428244,6.4661636,43.588814,-253.7289,130.2946
372,1.0,7.613759281819384,2.2005289627022995,5.602861337445591,0.5200371457423494,1.0,-1.0,0.0,0.8131143646787375,2.3658335,3.3451238,0.78258556,0.01617811,8.637005,40.329533,-458.8316,254.92404
373,0.0,10.361484378186063,4.912558758723333,5.238758698277562,0.765509902180873,1.0,0.0,1.0,1.043409062910913,3.1094842,3.305183,0.628896,0.024693944,11.343029,41.915024,-193.67708,355.4841
374,0.0,4.48084973620008,3.4186794173215773,5.564599880661284,0.5419003953304192,1.0,1.0,0.0,1.117772224448925,3.2280726,3.289388,0.81317663,0.025389627,7.2316113,43.10626,-443.22336,499.51868
375,0.0,9.314304299513651,4.7365921332092356,5.611506869803171,0.6485711058823479,1.0,0.0,-1.0,0.7735307389358903,2.111266,3.2651472,0.81191677,0.017021194,6.496922,44.096424,-336.25595,278.5903
376,1.0,6.7963374177415545,4.823055234543103,5.134039953552485,0.34907265357217565,1.0,-1.0,0.0,0.902318070864043,3.016102,3.3297963,0.8087102,0.018550906,11.091657,43.01925,-278.81967,244.79065
377,1.0,8.505144802111401,3.1986393553659975,5.688925469504578,0.6354188246182535,1.0,1.0,-1.0,1.1785689441783167,2.5527887,3.3144429,0.7785312,0.016646164,5.9471745,42.026077,-502.4204,236.97879
378,0.0,6.320103475019225,2.569342064372274,5.519990663504665,0.6397343459562038,0.0,1.0,0.0,1.2526308988447414,2.7239935,3.272536,0.6356171,0.020858232,9.354081,42.585976,-269.22375,166.36067
379,0.0,8.810953497776023,4.046430555829409,6.324482080861855,0.41334130236765815,-1.0,0.0,-1.0,0.9707563204733717,2.6267705,3.336414,0.7254004,0.020673048,6.4335012,41.8497,-370.1355,333.67932
380,3.0,4.09254126077597,6.0704732983937335,5.7809429088864945,0.5372333100061234,0.0,-1.0,-1.0,0.8736982524219161,2.3045118,3.1295016,0.75897026,0.018836256,6.6221714,44.582706,-310.87976,392.64203
381,2.0,5.049827037860723,3.9968118602467517,5.332913273929389,0.4326516883673013,0.0,0.0,-1.0,1.0807169509296597,2.161516,3.3091114,0.73795354,0.017479867,8.520808,42.912685,-363.3436,440.6722
382,0.0,11.192881171597975,4.4853103341478,5.9318032091420605,0.7646761728127343,-1.0,0.0,1.0,1.0892449743583736,1.8959498,3.2982512,0.84714496,0.013333169,6.2198977,41.563198,-374.50684,232.49673
383,2.0,6.554357841197601,3.3486522004696155,5.128272789161757,0.7416573508924167,1.0,0.0,-1.0,1.0854593370013708,3.0893953,3.3239577,0.73066556,0.018866487,6.631414,41.682117,-300.2902,70.84212
384,1.0,5.07125843556793,3.5158217053869234,6.396056270851114,0.6533971389214841,1.0,-1.0,1.0,1.2541826632643822,2.6115882,3.21964,0.6482824,0.022884224,5.4776726,41.097603,-358.67502,275.8397
385,0.0,6.862956075273157,5.731694118683984,5.084340490970737,0.42668139516014314,1.0,-1.0,0.0,0.8243866377659014,2.8920803,3.3509095,0.78092706,0.02214331,11.918431,44.456135,-150.81883,350.3974
386,1.0,5.158341088724407,3.3595443203192517,5.354238307794773,0.23427879897367127,-1.0,1.0,0.0,0.9506220498209372,2.1428175,3.3480778,0.8365586,0.018906504,6.732528,41.33545,-333.62534,291.02325
387,2.0,9.797790289309305,4.0739471927825255,6.887108929441866,0.6026674473445859,1.0,1.0,0.0,0.9300374566813541,2.5047379,3.356121,0.7909585,0.020722203,6.903717,42.36101,-304.00153,170.1306
388,2.0,7.035707378953566,2.922864285183862,5.40568088919301,0.7569816470662074,-1.0,-1.0,-1.0,1.1561564019169834,2.8976128,3.2907112,0.64449686,0.022990435,5.678805,42.406494,-319.36325,137.07643
389,0.0,7.716109767948973,4.3429903272551735,5.39006550713815,0.7056384671666562,1.0,-1.0,-1.0,1.2809292316147278,2.2741401,3.3154738,0.8161565,0.017193887,6.4534993,41.137054,-395.53778,293.04858
390,2.0,7.590805945602908,4.258751863961291,5.5797177724018,0.3868515572022289,1.0,0.0,0.0,1.0487688667517332,2.4577029,3.2553608,0.58765084,0.017113663,5.136416,43.791023,-507.83984,264.63385
391,3.0,4.641212445919441,4.757119722844883,6.367319710768234,0.5986755747886272,1.0,-1.0,1.0,0.8870701679460291,3.0612383,3.2800498,0.7493658,0.01818895,6.605566,44.20161,-326.1638,118.705505
392,3.0,7.907674837621279,4.881138669883953,6.316036142989979,0.46836256511464625,0.0,1.0,-1.0,0.8365030201039568,2.4658191,3.2895923,0.63856775,0.014961751,5.828003,44.444416,-496.89905,91.87969
393,1.0,6.197449377957021,5.34974024835609,6.9388157073726235,0.5968170223309878,0.0,-1.0,-1.0,1.0324181910249088,3.0459185,3.3442492,0.62820417,0.015427926,7.680025,41.972927,-546.3587,138.08388
394,2.0,4.160061212851593,2.8493610915998504,6.41264903796693,0.2818762462141795,1.0,-1.0,-1.0,1.0250286542377602,2.068526,3.3464663,0.73941135,0.015726088,7.369221,42.99099,-532.93365,335.34344
395,2.0,5.12776820812262,4.188367826221206,6.53833331142571,0.5135780773356435,-1.0,1.0,1.0,1.336974599399217,2.6828055,3.2855334,0.6529154,0.019709982,8.641544,42.336346,-301.63123,123.55575
396,1.0,5.743566178573271,2.504905922576864,6.675372346176544,0.6059499280364852,1.0,1.0,-1.0,1.0772859005956894,2.896011,3.3123932,0.58691424,0.028659916,6.5762873,41.832367,-386.5516,581.4649
397,2.0,8.30206428648029,2.7923387968582176,6.1988753378504935,0.5673248723363002,-1.0,1.0,1.0,0.9079082856529324,2.6021214,3.3109677,0.7326393,0.022813499,5.785379,42.674057,-349.1359,400.60974
398,0.0,10.299049734197027,4.282098708946043,5.014552082486574,0.2730487159940684,0.0,0.0,1.0,0.7323113475206222,2.6531558,3.2827811,0.6235958,0.020556884,9.320779,44.536263,-383.85205,293.11154
399,1.0,10.800560072279223,3.8275591086399596,6.388673517855267,0.47616066202983265,-1.0,-1.0,0.0,0.7566546458281096,2.8084846,3.3207483,0.65844375,0.02029137,8.916886,41.06435,-329.63797,341.20413
400,1.0,8.874455722945747,4.266580437832271,5.39206001706371,0.6784545244357836,0.0,0.0,-1.0,0.9724705706684502,2.1901388,3.2448936,0.8283296,0.016425235,5.5212545,42.72061,-425.2976,269.14594
401,1.0,11.449907911159048,4.254371376210352,5.996182392863128,0.700547538746947,-1.0,0.0,0.0,1.2564289573187486,3.205818,3.3093095,0.7617643,0.021264471,8.068124,43.14771,-430.70837,330.30954
402,3.0,11.416799206446356,3.69080205850122,6.587186307584906,0.6583541443968103,0.0,0.0,-1.0,0.8310542437251321,2.3901017,3.3201854,0.77465713,0.0150424875,9.31025,41.711826,-350.53693,122.33613
403,3.0,10.843419627074145,3.480403608073927,5.990334123512275,0.5869769972313387,0.0,1.0,1.0,1.0050612981498268,2.974324,3.3358977,0.62715197,0.023972185,6.452659,41.34484,-336.921,283.20703
404,0.0,7.526137488591275,5.200720669407926,5.8257630212311735,0.41958156218894405,0.0,-1.0,0.0,1.1019003078387006,2.0925064,3.2972858,0.7990802,0.017994322,8.042061,41.500782,-390.19748,296.9849
405,0.0,8.527899123584602,4.553941472928671,6.505426371547259,0.4572046808158131,-1.0,-1.0,0.0,1.0338808196298708,3.2031076,3.3577373,0.79895854,0.022400653,6.7845154,43.9421,-320.41437,302.34064
406,1.0,8.784992721177314,5.557093568023416,6.336907321783638,0.3991053893071191,-1.0,0.0,0.0,0.9680119044635724,2.7978964,3.3418493,0.8488728,0.016033154,6.5444527,42.11937,-441.0468,161.32901
407,2.0,7.83355761200639,3.107623286872788,5.061236075312432,0.4859226442671958,-1.0,0.0,0.0,0.9463768430251356,2.4338307,3.2807994,0.78596616,0.017654309,9.048059,40.638912,-307.21225,139.02849
408,2.0,7.86250411980106,4.531313851545281,6.163992963048692,0.6139160064515587,1.0,1.0,0.0,0.8530827390746931,1.9844885,3.2511725,0.8364936,0.023055756,6.102662,40.616287,-265.5085,625.29407
409,2.0,11.53521960384423,5.84230281289805,6.669825180520519,0.4384017818147473,-1.0,0.0,0.0,1.0781139034776062,2.422719,3.3354716,0.71829295,0.024205554,12.337301,40.655567,-229.6333,407.47766
410,3.0,6.986236184447026,3.3464189559683692,5.981308582038793,0.4185416150998752,-1.0,0.0,1.0,1.0246015324782325,2.5627651,3.2584565,0.67282987,0.02564087,7.92783,40.815563,-185.2544,340.3596
411,0.0,7.875557487699349,4.475601281284153,6.35222151145237,0.6040064120595825,-1.0,0.0,0.0,0.9424152309364089,2.8064582,3.4029427,0.7734983,0.018603344,6.5544715,44.03115,-472.15448,202.82385
412,3.0,10.388139027392505,3.914719659285952,6.643155678775339,0.6100450835233645,0.0,-1.0,-1.0,0.8164184212525498,2.5165355,3.2587197,0.74474245,0.022420589,7.193718,41.381077,-336.8168,280.60193
413,3.0,7.93697837028183,3.1668286797856027,6.836230807363618,0.6563731951586458,-1.0,1.0,1.0,0.9897063953446431,2.7379408,3.334151,0.8252271,0.021230983,8.259969,43.33386,-397.6931,422.3307
414,1.0,8.131107012636946,3.8670071629049576,6.469278304459554,0.38065514654087695,0.0,1.0,0.0,1.0460999785125784,2.6173217,3.369069,0.7336747,0.018567579,5.3191004,41.478374,-443.9017,252.83562
415,3.0,7.075789021638725,2.812412390159614,6.251471708244903,0.6951323426716518,-1.0,1.0,1.0,0.9497334009326988,2.98188,3.342903,0.7278435,0.024034824,5.512972,42.502296,-375.2209,226.31525
416,2.0,10.223287279893082,4.708751439178254,6.52064301884122,0.6028407468996959,-1.0,-1.0,-1.0,0.9857105566546476,2.3035107,3.2827368,0.71694815,0.021538878,7.5789876,42.49077,-263.8847,311.99335
417,1.0,6.097201597716303,2.9372392163753362,5.346777838461422,0.3492965006696626,1.0,0.0,0.0,1.2434245619202713,2.3469596,3.288768,0.73096716,0.017146796,8.72466,41.63269,-512.45166,467.3701
418,1.0,7.753625516723067,2.258872524731595,5.2810087626698206,0.4415861234142765,1.0,1.0,1.0,1.0943558392409591,2.2612522,3.3093026,0.7762422,0.01720186,9.913285,42.030926,-289.2271,155.55464
419,0.0,9.776675273528891,4.317311975582343,5.216680391188767,0.610612769242836,1.0,-1.0,-1.0,1.1191963078240679,2.2375345,3.3336844,0.6900749,0.015351492,13.38462,41.991795,-233.23543,136.50339
420,0.0,6.705118799876758,4.812905480676036,6.401505964966935,0.3332010180166485,1.0,-1.0,1.0,1.2767351525606379,2.5029738,3.3738267,0.75823647,0.01666129,6.319512,42.432816,-573.3488,224.9331
421,3.0,11.527646723936197,4.148970711340175,5.792613545457571,0.6465031793919996,1.0,0.0,-1.0,0.9387939263472235,2.2003546,3.2934232,0.7855008,0.015261669,9.801583,42.358734,-351.8229,268.77527
422,2.0,6.767763847363698,4.893579455110468,6.38606798715602,0.4924941838275182,1.0,-1.0,1.0,0.9947846682753573,2.0567992,3.3083026,0.7793258,0.017228898,5.9511924,40.808525,-538.67346,197.44708
423,0.0,10.493362047220648,4.230629881814044,6.057941341541895,0.41777272424139433,0.0,0.0,-1.0,0.9285719328314859,2.0016193,3.3020246,0.7209687,0.015002412,6.21616,43.767517,-444.49634,266.4625
424,0.0,8.999623500102537,4.374934364978466,5.768893718481903,0.3411609405707554,0.0,0.0,-1.0,0.7288640869997575,2.6937327,3.3871853,0.75807595,0.023287188,5.4821057,44.317528,-336.77448,463.11945
425,2.0,10.600747844162608,3.9771804741872314,5.715518159272043,0.5102644085388268,0.0,1.0,1.0,1.2940470561091901,2.5894709,3.3125103,0.69902265,0.017641017,7.236262,41.029243,-428.16025,253.87918
426,0.0,7.463804107657219,5.3940944950183365,6.010998182194682,0.5643545187942389,0.0,1.0,-1.0,0.8221753466818706,2.176371,3.3219287,0.6438641,0.018318154,10.415919,41.774384,-407.01633,217.85497
427,1.0,7.686964003791212,4.503423278408345,5.023887442790929,0.7116504256578493,0.0,1.0,1.0,1.1327395627375896,2.170408,3.3205805,0.7667442,0.020471418,7.214747,41.110638,-322.21677,334.99323
428,0.0,5.435292692996985,5.026998997663048,5.0508058908737565,0.27512772648506334,1.0,0.0,1.0,1.0159266243389748,2.5461726,3.2665472,0.5807111,0.026184157,8.849477,43.010464,-210.82909,448.46753
429,2.0,8.062747163936306,3.3748647162816026,6.439857628912221,0.3793502735309107,0.0,0.0,0.0,0.8565145879977353,2.4656527,3.3110383,0.6951996,0.019857293,10.619367,41.38882,-194.35068,211.62401
430,2.0,8.032024752951326,2.1935717837519815,5.858965510712726,0.5994696660970135,-1.0,1.0,0.0,0.7612139884292931,2.6977708,3.2991874,0.7903494,0.019618105,7.327448,41.436115,-284.70447,122.23139
431,0.0,10.044299169412108,4.184003000244125,6.154238072269158,0.24277021793566939,0.0,0.0,1.0,0.9478847706763904,2.6375046,3.3632557,0.85532844,0.02029808,6.3970523,44.134964,-336.16037,154.25182
432,1.0,10.250992727540016,3.2685709092938273,5.3856101078425365,0.26209029964466984,-1.0,0.0,0.0,1.069405688083808,2.55594,3.3298578,0.7598605,0.02007005,7.164213,41.15183,-307.73428,223.55118
433,3.0,7.955717750324776,3.662601895735757,6.3749309620885395,0.49813431361725063,0.0,0.0,-1.0,0.7757336823860024,2.08995,3.4222312,0.7897416,0.015680654,8.065183,43.21788,-464.84326,327.8891
434,3.0,10.90971133840055,3.4948723951041174,5.225598868700049,0.6307532711711765,0.0,-1.0,-1.0,1.0092555605589348,2.444089,3.2681465,0.7591866,0.016086822,8.152746,43.005913,-348.09375,213.69034
435,1.0,7.327629572298541,4.34886272540189,6.351058229283045,0.4550517598988536,0.0,-1.0,0.0,1.2087017023197266,3.3911297,3.2928877,0.7594319,0.02115313,7.716699,42.576767,-295.80936,159.21925
436,1.0,9.512924246111506,5.2981377864181765,5.729296410550968,0.25170535340644185,1.0,0.0,0.0,1.0922860485486436,2.5173402,3.414399,0.7969754,0.019448822,7.1658216,42.737846,-306.08603,163.03096
437,2.0,7.711067892729162,4.321380651033223,5.376789458304087,0.5651193765165223,1.0,0.0,0.0,0.9344864295868783,2.127277,3.3618708,0.8148847,0.01337034,10.380962,42.328754,-348.95358,194.5883
438,0.0,8.026166087341464,3.783963275797262,5.072816318079873,0.5196665011584247,-1.0,-1.0,-1.0,0.7210049711287689,2.21919,3.3423204,0.77406794,0.019800464,7.102698,41.359936,-483.80743,413.56903
439,3.0,10.735918031746445,5.996650150244605,6.530799961871102,0.6277053393727294,0.0,0.0,1.0,1.1088658456723943,2.4720447,3.2871118,0.65449846,0.015039673,8.4548645,42.98203,-363.50827,78.95681
440,1.0,5.524865548718569,5.049926748443081,6.622371676427365,0.6772730356034007,0.0,-1.0,0.0,1.1299007123953422,2.1901696,3.329287,0.79327023,0.015892478,7.1007175,42.11953,-399.20926,413.79083
441,3.0,10.413241641973721,3.965100649801793,5.660957815424207,0.6921760570860497,-1.0,1.0,-1.0,1.092972750247138,2.3036664,3.3305068,0.83189607,0.01714696,5.464593,43.74767,-430.52332,402.31915
442,0.0,9.925989040935956,4.307388720474641,6.363491744287243,0.526914660062204,-1.0,-1.0,1.0,1.1698354119670644,3.0656307,3.3095446,0.74474037,0.01675278,9.171966,43.51558,-343.58954,188.29204
443,3.0,6.756623585580744,4.27208123542182,5.309624236404217,0.7450803128806068,0.0,0.0,1.0,1.1137235382437984,2.7494483,3.2874348,0.7901124,0.018000131,7.296763,41.675995,-335.55347,186.74817
444,0.0,9.346405260574079,2.274682212143839,5.6408073406072,0.4001189718742784,1.0,1.0,1.0,1.098844270991194,2.9930482,3.2662313,0.75652707,0.021433296,9.714784,40.918556,-183.0535,158.28339
445,3.0,7.1726413771003745,2.1174128915297223,5.156413154636905,0.6748919578226875,1.0,-1.0,-1.0,1.3467261721557284,2.885601,3.303434,0.72675353,0.015491958,9.748763,42.479362,-535.22327,216.44963
446,0.0,11.409957059964182,4.334400398779672,6.820592288172752,0.4905187806320518,-1.0,-1.0,0.0,0.868265900696057,2.3773139,3.2367644,0.75894374,0.01704438,10.553821,40.614697,-246.86804,262.87006
447,0.0,8.390184353801605,4.9975389452782055,5.040273119849633,0.3250369360439551,1.0,0.0,0.0,1.0858377131818193,2.3599813,3.2486773,0.7178849,0.026771424,5.415913,41.010147,-293.81958,331.6433
448,1.0,5.927026492971974,4.297861934152229,6.461972818943708,0.5461781881014264,0.0,-1.0,0.0,1.0725751289698724,2.7956321,3.297769,0.6129008,0.022547193,9.826,42.76199,-297.7873,381.262
449,3.0,8.68755189103424,3.2064586077162156,5.548445875360512,0.5205303106114135,1.0,1.0,1.0,0.7916284136629524,2.4737675,3.2999902,0.82685435,0.020889482,5.1037164,44.490498,-223.09247,172.54866
450,3.0,4.952431262547478,3.5850793303579236,6.303110182971088,0.5029254635261458,-1.0,0.0,1.0,0.9274433022266472,2.61395,3.2996237,0.74175334,0.015230253,8.534898,44.290012,-288.4455,80.77162
451,0.0,11.387322747331057,3.746980292162751,5.618936022827186,0.3342191947168446,0.0,-1.0,1.0,1.1238305002947104,2.667938,3.3480346,0.61815786,0.021639116,5.677515,44.528454,-585.79987,347.61356
452,0.0,4.055305567358307,4.170435905275294,5.081256021242155,0.7200711323297744,0.0,1.0,0.0,1.0508780634208672,1.9116336,3.3077424,0.8101849,0.015233656,9.618244,40.63254,-246.65651,122.48642
453,2.0,8.76511061080227,2.7964895651125916,6.771279591584017,0.25633693960561604,-1.0,1.0,0.0,0.8602757354609252,2.3650024,3.3330164,0.6859227,0.021287298,8.781216,41.72496,-252.53308,211.878
454,2.0,7.205949064598654,2.6072274220447755,6.804235386238006,0.4793996473503117,-1.0,-1.0,1.0,1.1057745131334653,2.8111136,3.3400323,0.7973513,0.019068815,6.1437473,42.65844,-433.07428,271.93668
455,2.0,11.205253293810454,4.4408297255624625,5.925235234484099,0.6489289106957319,-1.0,1.0,0.0,1.1121935044773181,2.0796437,3.2536523,0.74116,0.01867924,5.961733,40.53502,-437.3537,234.10641
456,0.0,9.408687096375386,5.155741004163842,6.072636739763979,0.3578883640104429,-1.0,-1.0,1.0,0.8492173852541678,2.7432017,3.314603,0.7243976,0.021447653,6.884402,44.210693,-241.2709,250.13348
457,3.0,8.383721871682392,3.3182684439684715,6.3207588524930625,0.481476236585367,1.0,1.0,-1.0,1.0515150594345484,2.0658453,3.3203905,0.8462331,0.01792939,6.0974274,42.04732,-382.24963,283.92996
458,1.0,6.929474009367821,5.535239349006353,5.814095663879715,0.5835693480906784,-1.0,0.0,-1.0,1.143453555371123,3.0894089,3.3134346,0.5799977,0.017183326,9.642261,41.615086,-406.55487,158.44821
459,1.0,11.625570107210681,4.526180815133402,5.901126940267665,0.30447751541466783,-1.0,1.0,1.0,1.0608004754037381,2.919092,3.2815838,0.74569815,0.02131845,6.107077,42.602165,-238.80624,60.106373
460,0.0,6.396694458619232,3.708594395370064,5.466984073796515,0.5633461039158592,-1.0,0.0,1.0,1.1607357966356053,2.7641628,3.2226524,0.78240204,0.0141271455,5.853129,43.715473,-387.957,219.85431
461,3.0,4.032048426800184,3.779896656042344,5.326537919767214,0.43174495225539716,0.0,0.0,1.0,1.1365835228717374,2.7043893,3.2547486,0.6213449,0.025688384,7.0131316,43.453117,-308.30396,231.28296
462,1.0,6.669075644978395,3.878698370477591,5.752381242856924,0.27689142521134424,1.0,-1.0,0.0,0.8147640387791246,2.801616,3.3518436,0.81433713,0.019255547,8.718829,44.380905,-347.28647,294.04727
463,2.0,6.04152880236884,4.6335433095187915,5.681429818449003,0.3923068552385645,0.0,0.0,-1.0,1.257919944600253,2.836885,3.274574,0.5096866,0.021148106,5.8401413,43.041313,-675.77527,413.04288
464,0.0,7.668663457338032,2.59422272199141,5.634386060127145,0.43330399942949716,1.0,1.0,1.0,0.9102048690621725,2.1676598,3.2928028,0.738299,0.017425567,5.980225,40.537407,-346.20462,205.81932
465,0.0,10.990691001699483,5.230180394234808,6.1435093184042415,0.47698830100808265,-1.0,0.0,-1.0,0.8426234256520273,2.1051347,3.2748291,0.78203076,0.017440097,6.377208,40.42894,-282.43988,225.63785
466,0.0,8.366413606871536,2.2315715401697984,6.8306042983444994,0.5857425856866036,0.0,0.0,1.0,1.070325926008622,2.4690065,3.329092,0.82183665,0.028703444,5.654993,42.19442,-286.89676,521.038
467,2.0,5.727072998460969,4.057569141791418,6.392490849733519,0.5736437174118871,0.0,-1.0,0.0,0.8019322833148406,2.3367608,3.3463001,0.74434364,0.018906835,8.125059,41.395336,-374.46628,149.11046
468,0.0,8.838806298065757,4.651517543535932,6.2454853359533296,0.5084706233921188,0.0,0.0,0.0,1.0443970636835416,2.8008316,3.3042638,0.7005455,0.018171126,11.054496,42.078632,-396.57626,314.8885
469,1.0,4.525466049684324,5.123071187671454,6.738703151094241,0.6143366781587392,1.0,-1.0,-1.0,1.1872800024947594,2.6050603,3.301769,0.8353593,0.01723708,7.2721653,42.78434,-278.9193,137.04651
470,1.0,9.655811307823019,4.74764454841361,5.454754141027209,0.48240370808440525,1.0,0.0,-1.0,0.933922773769787,2.7021353,3.4308457,0.7586744,0.019238302,8.3264265,43.719437,-415.7263,329.8949
471,0.0,4.297110261369749,3.9198826630861268,5.212764487303644,0.7155671148457754,0.0,-1.0,-1.0,1.0674759526268138,2.564767,3.3493476,0.78784925,0.024119036,5.361586,44.824627,-323.70972,274.2749
472,3.0,8.068539396103617,4.3642957033803205,6.172977341953267,0.33897746657350786,0.0,1.0,-1.0,0.8844422658694825,2.8302836,3.2888875,0.7171203,0.016404606,10.619411,41.212887,-416.60703,341.60535
473,3.0,5.568467852028951,4.957377663548489,5.977523534349709,0.49561887455520676,-1.0,1.0,0.0,1.150593285021648,2.3798275,3.3267598,0.6063374,0.015627587,9.595562,43.50769,-363.35886,178.9019
474,3.0,6.5419761985827165,4.106321953560908,5.107812517065461,0.7315605530273794,0.0,1.0,1.0,0.7118062684300939,2.7947018,3.2536795,0.82474387,0.017399225,5.9177403,43.69518,-385.60568,201.69994
475,3.0,11.243799055667953,2.9320288954210616,6.7611933657380945,0.5887998917702179,0.0,-1.0,-1.0,1.1422640036254679,3.0905807,3.3823626,0.7472534,0.014860684,6.440228,44.47867,-357.99197,52.653133
476,0.0,5.5505398162740445,4.941343549060405,6.551371840485373,0.7290927554340325,-1.0,-1.0,0.0,0.6764367579896304,2.1981514,3.329432,0.71361244,0.017319482,5.527006,41.60828,-541.22,406.1275
477,1.0,10.786056608640843,3.9022315651174333,6.112966463254204,0.48703735687543165,0.0,0.0,0.0,1.1112186567077262,2.1468806,3.0781918,0.8026446,0.018888956,6.860202,40.3957,-269.7957,252.58424
478,0.0,8.212195384369846,5.910953030846391,6.631993552044168,0.46114630786108085,-1.0,-1.0,1.0,1.2199551608154942,2.079745,3.3585198,0.8654177,0.017621877,9.000012,42.594563,-294.0697,285.9518
479,0.0,8.042817243566539,4.69981287861266,5.940718326013929,0.5232178756228222,-1.0,-1.0,-1.0,1.063338413399754,3.151274,3.3170621,0.6719017,0.02031364,5.711966,43.358208,-435.02106,238.48271
480,2.0,6.505773379169007,2.6531630919029032,6.383634144044669,0.5130603977395075,0.0,-1.0,1.0,0.8387011137592231,2.0633457,3.3120766,0.7652935,0.015354372,7.2617025,43.854572,-493.37946,325.53094
481,1.0,9.601622439213493,4.537502506389324,5.492434043978304,0.6370021525141253,1.0,-1.0,1.0,0.913158031582005,3.053063,3.2994316,0.56160057,0.022226911,5.8281894,42.903244,-399.6479,380.57025
482,0.0,10.134586685035046,3.7713019699578494,5.096281467083224,0.5710035528224293,0.0,1.0,0.0,1.0397146208835766,2.1414433,3.2977378,0.74904436,0.017185397,8.440857,41.237553,-328.35443,214.04633
483,1.0,11.76729039775826,2.3279171550675946,5.028705833035325,0.5750785693742861,-1.0,1.0,-1.0,1.2354129607260185,2.7071562,3.374523,0.8301861,0.012792797,6.61134,44.2157,-613.0191,100.839294
484,2.0,8.911607581584839,4.678437003732289,6.865995355506763,0.5004922888282716,0.0,1.0,-1.0,0.8468351056252306,2.5578706,3.344659,0.751519,0.019814963,11.594978,44.001743,-289.25278,174.50116
485,3.0,6.971003877379365,4.985746296318729,5.089033933215739,0.6225875001975077,-1.0,1.0,1.0,0.9620673358380579,2.758414,3.3099327,0.5909565,0.025674583,5.4711075,41.53141,-438.93054,338.81766
486,3.0,8.335594062622754,2.3627274050738665,5.3426171022660025,0.32305971268051586,0.0,-1.0,1.0,1.1881338481537653,2.7031837,3.3273187,0.71769917,0.015653985,6.7500186,44.050934,-352.5426,128.27415
487,3.0,6.237072434408381,2.572923583782668,6.994110704860784,0.6622319955675178,0.0,1.0,1.0,1.0206432113511346,2.4874167,3.2765799,0.7786319,0.020511057,6.6311426,41.25364,-354.426,213.38742
488,0.0,11.873923795546274,3.5121873247196427,6.426923258740288,0.37004081660133725,1.0,0.0,-1.0,1.1309105847812446,2.974347,3.2933118,0.86384326,0.01763209,7.949325,44.51897,-238.77748,76.22004
489,3.0,9.49171211705006,4.481445061491972,5.115769091012198,0.3713138112727098,-1.0,-1.0,0.0,1.2001109480962258,2.485465,3.3160884,0.71804804,0.018365128,5.6231036,42.116108,-337.16742,136.84224
490,0.0,6.57384998525763,2.769552301658293,5.37105527854055,0.5765837517603442,1.0,1.0,1.0,1.095415388327063,2.4728446,3.3162336,0.7292116,0.016059175,12.302298,40.675713,-321.9979,150.1189
491,2.0,5.196715114245425,5.01811509562653,6.5528706456368555,0.4480426064689252,-1.0,1.0,-1.0,0.9062132519613691,2.4201393,3.327102,0.7325213,0.014117144,9.490122,44.62725,-366.30875,182.9146
492,2.0,6.790341406996407,4.949881377772627,6.420570871661219,0.5775258519019493,0.0,-1.0,0.0,1.2164597514228164,2.1155446,3.2583952,0.7735084,0.019044347,5.510543,41.456673,-381.31766,331.8528
493,1.0,4.450548215040371,5.133923722967973,5.907383103088536,0.6309458726683024,1.0,0.0,0.0,1.1894806340844641,2.1937153,3.3221614,0.8477364,0.013981091,8.778254,44.25487,-282.8382,136.79509
494,0.0,4.906976797739174,2.671844627592482,6.254454730174063,0.5612035960762751,1.0,0.0,0.0,0.7073936138714896,2.4661398,3.284858,0.7645826,0.02151267,6.4870963,41.28392,-313.9043,401.20135
495,2.0,9.52868787595626,4.495589037953055,6.580603359237617,0.562965537797428,1.0,0.0,1.0,0.7596132937761548,2.4267967,3.323663,0.73522365,0.019891482,7.9208355,43.128258,-362.5715,334.67487
496,0.0,7.621728679686605,4.722272363495929,5.272237807997341,0.3766818287248359,1.0,0.0,1.0,1.1007114379056402,2.7995503,3.3097556,0.7760872,0.021928232,6.9565334,43.81398,-325.41953,259.67633
497,1.0,11.950584146530662,3.161883653579469,6.091553150714426,0.5563781900809576,-1.0,1.0,0.0,1.1283038272102468,2.759942,3.3698893,0.84312207,0.023334472,5.5607166,44.547977,-454.2834,210.49585
498,1.0,4.7722428392540275,2.9453510018921767,6.573171726644671,0.48614016454267883,0.0,0.0,1.0,0.741604439154091,2.6052628,3.3216646,0.7821994,0.019832525,6.4047546,42.07735,-412.92697,298.5063
499,3.0,5.0858272064382914,3.6228095461532877,6.026571457821305,0.4147729417679526,1.0,0.0,1.0,1.1600571074854695,2.244983,3.3112895,0.783086,0.017103488,5.6641393,41.757183,-460.49472,279.20694
