,GCM,FICE,FSNOW,PRS,RFR,OCM,OCS,TCT,VCM,PPQ,SIAE
0,0.0,4.973769398557651,4.157798201632942,6.353515625,0.40665956853869495,1.0,-1.0,1.0,1.0004503522251353,0.348005915302416,1.2069841016994907
1,1.0,4.973769398557651,4.157798201632942,6.353515625,0.40665956853869495,1.0,-1.0,1.0,1.0004503522251353,0.348005915302416,1.2069841016994907
2,0.0,5.532504159799055,4.157798201632942,6.353515625,0.40665956853869495,1.0,-1.0,1.0,1.0004503522251353,0.348005915302416,1.2069841016994907
3,0.0,4.973769398557651,3.734505612481398,6.353515625,0.40665956853869495,1.0,-1.0,1.0,1.0004503522251353,0.348005915302416,1.2069841016994907
4,0.0,4.973769398557651,4.157798201632942,5.287109375,0.40665956853869495,1.0,-1.0,1.0,1.0004503522251353,0.348005915302416,1.2069841016994907
5,0.0,4.973769398557651,4.157798201632942,6.353515625,0.44611988766965066,1.0,-1.0,1.0,1.0004503522251353,0.348005915302416,1.2069841016994907
6,0.0,4.973769398557651,4.157798201632942,6.353515625,0.40665956853869495,1.0,-1.0,1.0,1.0004503522251353,0.348005915302416,1.2069841016994907
7,0.0,4.973769398557651,4.157798201632942,6.353515625,0.40665956853869495,1.0,0.0,1.0,1.0004503522251353,0.348005915302416,1.2069841016994907
8,0.0,4.973769398557651,4.157798201632942,6.353515625,0.40665956853869495,1.0,-1.0,1.0,1.0004503522251353,0.348005915302416,1.2069841016994907
9,0.0,4.973769398557651,4.157798201632942,6.353515625,0.40665956853869495,1.0,-1.0,1.0,1.1092263853929296,0.348005915302416,1.2069841016994907
10,0.0,4.973769398557651,4.157798201632942,6.353515625,0.40665956853869495,1.0,-1.0,1.0,1.0004503522251353,0.6103627272791836,1.2069841016994907
11,0.0,4.973769398557651,4.157798201632942,6.353515625,0.40665956853869495,1.0,-1.0,1.0,1.0004503522251353,0.348005915302416,2.056750586887211
12,1.0,5.532504159799055,3.734505612481398,5.287109375,0.44611988766965066,1.0,0.0,1.0,1.1092263853929296,0.6103627272791836,2.056750586887211
13,2.0,8.664820194499782,2.188165830437475,5.353515625,0.6220460018532534,0.0,0.0,0.0,0.6520636978288761,0.6321124264881748,2.140731086474667
14,3.0,8.664820194499782,2.188165830437475,5.353515625,0.6220460018532534,0.0,0.0,0.0,0.6520636978288761,0.6321124264881748,2.140731086474667
15,2.0,9.117314481653203,2.188165830437475,5.353515625,0.6220460018532534,0.0,0.0,0.0,0.6520636978288761,0.6321124264881748,2.140731086474667
16,2.0,8.664820194499782,5.460979091751315,5.353515625,0.6220460018532534,0.0,0.0,0.0,0.6520636978288761,0.6321124264881748,2.140731086474667
17,2.0,8.664820194499782,2.188165830437475,6.287109375,0.6220460018532534,0.0,0.0,0.0,0.6520636978288761,0.6321124264881748,2.140731086474667
18,2.0,8.664820194499782,2.188165830437475,5.353515625,0.6701886113176927,0.0,0.0,0.0,0.6520636978288761,0.6321124264881748,2.140731086474667
19,2.0,8.664820194499782,2.188165830437475,5.353515625,0.6220460018532534,-1.0,0.0,0.0,0.6520636978288761,0.6321124264881748,2.140731086474667
20,2.0,8.664820194499782,2.188165830437475,5.353515625,0.6220460018532534,0.0,1.0,0.0,0.6520636978288761,0.6321124264881748,2.140731086474667
21,2.0,8.664820194499782,2.188165830437475,5.353515625,0.6220460018532534,0.0,0.0,0.0,0.6520636978288761,0.6321124264881748,2.140731086474667
22,2.0,8.664820194499782,2.188165830437475,5.353515625,0.6220460018532534,0.0,0.0,0.0,0.86356966842319,0.6321124264881748,2.140731086474667
23,2.0,8.664820194499782,2.188165830437475,5.353515625,0.6220460018532534,0.0,0.0,0.0,0.6520636978288761,0.29024941333916404,2.140731086474667
24,2.0,8.664820194499782,2.188165830437475,5.353515625,0.6220460018532534,0.0,0.0,0.0,0.6520636978288761,0.6321124264881748,1.1403447022585205
25,3.0,9.117314481653203,5.460979091751315,6.287109375,0.6701886113176927,-1.0,1.0,0.0,0.86356966842319,0.29024941333916404,1.1403447022585205
26,3.0,6.938183614406566,4.985139467260877,6.853515625,0.5124162236011955,-1.0,-1.0,-1.0,0.8779981864329494,0.7639013197531817,3.0376166294328675
27,2.0,6.938183614406566,4.985139467260877,6.853515625,0.5124162236011955,-1.0,-1.0,-1.0,0.8779981864329494,0.7639013197531817,3.0376166294328675
28,3.0,7.3893407439939125,4.985139467260877,6.853515625,0.5124162236011955,-1.0,-1.0,-1.0,0.8779981864329494,0.7639013197531817,3.0376166294328675
29,3.0,6.938183614406566,2.8196815551290078,6.853515625,0.5124162236011955,-1.0,-1.0,-1.0,0.8779981864329494,0.7639013197531817,3.0376166294328675
30,3.0,6.938183614406566,4.985139467260877,6.787109375,0.5124162236011955,-1.0,-1.0,-1.0,0.8779981864329494,0.7639013197531817,3.0376166294328675
31,3.0,6.938183614406566,4.985139467260877,6.853515625,0.323990166131936,-1.0,-1.0,-1.0,0.8779981864329494,0.7639013197531817,3.0376166294328675
32,3.0,6.938183614406566,4.985139467260877,6.853515625,0.5124162236011955,0.0,-1.0,-1.0,0.8779981864329494,0.7639013197531817,3.0376166294328675
33,3.0,6.938183614406566,4.985139467260877,6.853515625,0.5124162236011955,-1.0,-1.0,-1.0,0.8779981864329494,0.7639013197531817,3.0376166294328675
34,3.0,6.938183614406566,4.985139467260877,6.853515625,0.5124162236011955,-1.0,-1.0,-1.0,0.8779981864329494,0.7639013197531817,3.0376166294328675
35,3.0,6.938183614406566,4.985139467260877,6.853515625,0.5124162236011955,-1.0,-1.0,-1.0,1.3067961312367167,0.7639013197531817,3.0376166294328675
36,3.0,6.938183614406566,4.985139467260877,6.853515625,0.5124162236011955,-1.0,-1.0,-1.0,0.8779981864329494,0.7352958718141063,3.0376166294328675
37,3.0,6.938183614406566,4.985139467260877,6.853515625,0.5124162236011955,-1.0,-1.0,-1.0,0.8779981864329494,0.7639013197531817,1.5691264765056072
38,2.0,7.3893407439939125,2.8196815551290078,6.787109375,0.323990166131936,0.0,-1.0,-1.0,1.3067961312367167,0.7352958718141063,1.5691264765056072
39,1.0,10.532507212211451,3.3489909625152223,5.853515625,0.26091663014862476,0.0,1.0,0.0,1.123088505628282,0.5141168998009633,1.6300571218567415
40,0.0,10.532507212211451,3.3489909625152223,5.853515625,0.26091663014862476,0.0,1.0,0.0,1.123088505628282,0.5141168998009633,1.6300571218567415
41,1.0,11.097913861710602,3.3489909625152223,5.853515625,0.26091663014862476,0.0,1.0,0.0,1.123088505628282,0.5141168998009633,1.6300571218567415
42,1.0,10.532507212211451,4.5221598555348095,5.853515625,0.26091663014862476,0.0,1.0,0.0,1.123088505628282,0.5141168998009633,1.6300571218567415
43,1.0,10.532507212211451,3.3489909625152223,5.787109375,0.26091663014862476,0.0,1.0,0.0,1.123088505628282,0.5141168998009633,1.6300571218567415
44,1.0,10.532507212211451,3.3489909625152223,5.853515625,0.5497407970955106,0.0,1.0,0.0,1.123088505628282,0.5141168998009633,1.6300571218567415
45,1.0,10.532507212211451,3.3489909625152223,5.853515625,0.26091663014862476,1.0,1.0,0.0,1.123088505628282,0.5141168998009633,1.6300571218567415
46,1.0,10.532507212211451,3.3489909625152223,5.853515625,0.26091663014862476,0.0,0.0,0.0,1.123088505628282,0.5141168998009633,1.6300571218567415
47,1.0,10.532507212211451,3.3489909625152223,5.853515625,0.26091663014862476,0.0,1.0,1.0,1.123088505628282,0.5141168998009633,1.6300571218567415
48,1.0,10.532507212211451,3.3489909625152223,5.853515625,0.26091663014862476,0.0,1.0,0.0,0.9887352507376307,0.5141168998009633,1.6300571218567415
49,1.0,10.532507212211451,3.3489909625152223,5.853515625,0.26091663014862476,0.0,1.0,0.0,1.123088505628282,0.48972655600583426,1.6300571218567415
50,1.0,10.532507212211451,3.3489909625152223,5.853515625,0.26091663014862476,0.0,1.0,0.0,1.123088505628282,0.5141168998009633,2.8557258091052082
51,0.0,11.097913861710602,4.5221598555348095,5.787109375,0.5497407970955106,1.0,0.0,1.0,0.9887352507376307,0.48972655600583426,2.8557258091052082
52,1.0,7.806071653649551,2.862928908686598,5.603515625,0.3443150307595492,1.0,0.0,-1.0,0.9420026102873026,0.6928502183128147,4.3236021610100765
53,0.0,7.806071653649551,2.862928908686598,5.603515625,0.3443150307595492,1.0,0.0,-1.0,0.9420026102873026,0.6928502183128147,4.3236021610100765
54,1.0,6.501773501072812,2.862928908686598,5.603515625,0.3443150307595492,1.0,0.0,-1.0,0.9420026102873026,0.6928502183128147,4.3236021610100765
55,1.0,7.806071653649551,4.949194873243224,5.603515625,0.3443150307595492,1.0,0.0,-1.0,0.9420026102873026,0.6928502183128147,4.3236021610100765
56,1.0,7.806071653649551,2.862928908686598,5.537109375,0.3443150307595492,1.0,0.0,-1.0,0.9420026102873026,0.6928502183128147,4.3236021610100765
57,1.0,7.806071653649551,2.862928908686598,5.603515625,0.6051115911524769,1.0,0.0,-1.0,0.9420026102873026,0.6928502183128147,4.3236021610100765
58,1.0,7.806071653649551,2.862928908686598,5.603515625,0.3443150307595492,1.0,0.0,-1.0,0.9420026102873026,0.6928502183128147,4.3236021610100765
59,1.0,7.806071653649551,2.862928908686598,5.603515625,0.3443150307595492,1.0,1.0,-1.0,0.9420026102873026,0.6928502183128147,4.3236021610100765
60,1.0,7.806071653649551,2.862928908686598,5.603515625,0.3443150307595492,1.0,0.0,-1.0,0.9420026102873026,0.6928502183128147,4.3236021610100765
61,1.0,7.806071653649551,2.862928908686598,5.603515625,0.3443150307595492,1.0,0.0,-1.0,1.0468101251214672,0.6928502183128147,4.3236021610100765
62,1.0,7.806071653649551,2.862928908686598,5.603515625,0.3443150307595492,1.0,0.0,-1.0,0.9420026102873026,0.6693692661457639,4.3236021610100765
63,1.0,7.806071653649551,2.862928908686598,5.603515625,0.3443150307595492,1.0,0.0,-1.0,0.9420026102873026,0.6928502183128147,2.3864101796289425
64,0.0,6.501773501072812,4.949194873243224,5.537109375,0.6051115911524769,1.0,1.0,-1.0,1.0468101251214672,0.6693692661457639,2.3864101796289425
65,3.0,11.692220586690036,4.553897738526786,6.603515625,0.5647561995484885,-1.0,1.0,0.0,1.2037624573920434,0.4447666221940134,1.8636604767004563
66,2.0,11.692220586690036,4.553897738526786,6.603515625,0.5647561995484885,-1.0,1.0,0.0,1.2037624573920434,0.4447666221940134,1.8636604767004563
67,3.0,10.044175863271883,4.553897738526786,6.603515625,0.5647561995484885,-1.0,1.0,0.0,1.2037624573920434,0.4447666221940134,1.8636604767004563
68,3.0,11.692220586690036,3.3143144236470046,6.603515625,0.5647561995484885,-1.0,1.0,0.0,1.2037624573920434,0.4447666221940134,1.8636604767004563
69,3.0,11.692220586690036,4.553897738526786,6.537109375,0.5647561995484885,-1.0,1.0,0.0,1.2037624573920434,0.4447666221940134,1.8636604767004563
70,3.0,11.692220586690036,4.553897738526786,6.603515625,0.39026457986070645,-1.0,1.0,0.0,1.2037624573920434,0.4447666221940134,1.8636604767004563
71,3.0,11.692220586690036,4.553897738526786,6.603515625,0.5647561995484885,0.0,1.0,0.0,1.2037624573920434,0.4447666221940134,1.8636604767004563
72,3.0,11.692220586690036,4.553897738526786,6.603515625,0.5647561995484885,-1.0,-1.0,0.0,1.2037624573920434,0.4447666221940134,1.8636604767004563
73,3.0,11.692220586690036,4.553897738526786,6.603515625,0.5647561995484885,-1.0,1.0,0.0,1.2037624573920434,0.4447666221940134,1.8636604767004563
74,3.0,11.692220586690036,4.553897738526786,6.603515625,0.5647561995484885,-1.0,1.0,0.0,0.7771503202316477,0.4447666221940134,1.8636604767004563
75,3.0,11.692220586690036,4.553897738526786,6.603515625,0.5647561995484885,-1.0,1.0,0.0,1.2037624573920434,0.41362903065687884,1.8636604767004563
76,3.0,11.692220586690036,4.553897738526786,6.603515625,0.5647561995484885,-1.0,1.0,0.0,1.2037624573920434,0.4447666221940134,1.360385359530407
77,2.0,10.044175863271883,3.3143144236470046,6.537109375,0.39026457986070645,0.0,-1.0,0.0,0.7771503202316477,0.41362903065687884,1.360385359530407
78,2.0,6.016526581845191,3.765757357678183,5.103515625,0.6918967654393706,-1.0,-1.0,1.0,1.0589374158130724,0.5742590550366183,1.4185391954895075
79,3.0,6.016526581845191,3.765757357678183,5.103515625,0.6918967654393706,-1.0,-1.0,1.0,1.0589374158130724,0.5742590550366183,1.4185391954895075
80,2.0,4.3889012708780415,3.765757357678183,5.103515625,0.6918967654393706,-1.0,-1.0,1.0,1.0589374158130724,0.5742590550366183,1.4185391954895075
81,2.0,6.016526581845191,4.127372841355648,5.103515625,0.6918967654393706,-1.0,-1.0,1.0,1.0589374158130724,0.5742590550366183,1.4185391954895075
82,2.0,6.016526581845191,3.765757357678183,6.037109375,0.6918967654393706,-1.0,-1.0,1.0,1.0589374158130724,0.5742590550366183,1.4185391954895075
83,2.0,6.016526581845191,3.765757357678183,5.103515625,0.7618754491186182,-1.0,-1.0,1.0,1.0589374158130724,0.5742590550366183,1.4185391954895075
84,2.0,6.016526581845191,3.765757357678183,5.103515625,0.6918967654393706,-1.0,-1.0,1.0,1.0589374158130724,0.5742590550366183,1.4185391954895075
85,2.0,6.016526581845191,3.765757357678183,5.103515625,0.6918967654393706,-1.0,1.0,1.0,1.0589374158130724,0.5742590550366183,1.4185391954895075
86,2.0,6.016526581845191,3.765757357678183,5.103515625,0.6918967654393706,-1.0,-1.0,1.0,1.0589374158130724,0.5742590550366183,1.4185391954895075
87,2.0,6.016526581845191,3.765757357678183,5.103515625,0.6918967654393706,-1.0,-1.0,1.0,1.1849850338811307,0.5742590550366183,1.4185391954895075
88,2.0,6.016526581845191,3.765757357678183,5.103515625,0.6918967654393706,-1.0,-1.0,1.0,1.0589374158130724,0.8211817924925856,1.4185391954895075
89,2.0,6.016526581845191,3.765757357678183,5.103515625,0.6918967654393706,-1.0,-1.0,1.0,1.0589374158130724,0.5742590550366183,1.7946347475920201
90,3.0,4.3889012708780415,4.127372841355648,6.037109375,0.7618754491186182,-1.0,1.0,1.0,1.1849850338811307,0.8211817924925856,1.7946347475920201
91,0.0,9.555745498363894,5.507536105199129,6.103515625,0.4609270412943818,0.0,1.0,-1.0,0.7977452303768363,0.8666029172833076,2.499043986407963
92,1.0,9.555745498363894,5.507536105199129,6.103515625,0.4609270412943818,0.0,1.0,-1.0,0.7977452303768363,0.8666029172833076,2.499043986407963
93,0.0,8.247486736033691,5.507536105199129,6.103515625,0.4609270412943818,0.0,1.0,-1.0,0.7977452303768363,0.8666029172833076,2.499043986407963
94,0.0,9.555745498363894,2.1175453599775595,6.103515625,0.4609270412943818,0.0,1.0,-1.0,0.7977452303768363,0.8666029172833076,2.499043986407963
95,0.0,9.555745498363894,5.507536105199129,5.037109375,0.4609270412943818,0.0,1.0,-1.0,0.7977452303768363,0.8666029172833076,2.499043986407963
96,0.0,9.555745498363894,5.507536105199129,6.103515625,0.49799863551493845,0.0,1.0,-1.0,0.7977452303768363,0.8666029172833076,2.499043986407963
97,0.0,9.555745498363894,5.507536105199129,6.103515625,0.4609270412943818,0.0,1.0,-1.0,0.7977452303768363,0.8666029172833076,2.499043986407963
98,0.0,9.555745498363894,5.507536105199129,6.103515625,0.4609270412943818,0.0,0.0,-1.0,0.7977452303768363,0.8666029172833076,2.499043986407963
99,0.0,9.555745498363894,5.507536105199129,6.103515625,0.4609270412943818,0.0,1.0,0.0,0.7977452303768363,0.8666029172833076,2.499043986407963
100,0.0,9.555745498363894,5.507536105199129,6.103515625,0.4609270412943818,0.0,1.0,-1.0,0.929673391224239,0.8666029172833076,2.499043986407963
101,0.0,9.555745498363894,5.507536105199129,6.103515625,0.4609270412943818,0.0,1.0,-1.0,0.7977452303768363,0.5522636549940269,2.499043986407963
102,0.0,9.555745498363894,5.507536105199129,6.103515625,0.4609270412943818,0.0,1.0,-1.0,0.7977452303768363,0.8666029172833076,3.759507515775959
103,1.0,8.247486736033691,2.1175453599775595,5.037109375,0.49799863551493845,0.0,0.0,0.0,0.929673391224239,0.5522636549940269,3.759507515775959
104,0.0,5.770780825944589,2.389809109811942,5.916015625,0.5513938681506705,-1.0,1.0,1.0,0.7043998391961056,0.5596465514285502,2.609955662766492
105,0.0,5.770780825944589,2.389809109811942,5.916015625,0.5513938681506705,-1.0,1.0,1.0,0.7043998391961056,0.5596465514285502,2.609955662766492
106,0.0,7.604969443315062,2.389809109811942,5.916015625,0.5513938681506705,-1.0,1.0,1.0,0.7043998391961056,0.5596465514285502,2.609955662766492
107,0.0,5.770780825944589,3.20034033249527,5.916015625,0.5513938681506705,-1.0,1.0,1.0,0.7043998391961056,0.5596465514285502,2.609955662766492
108,0.0,5.770780825944589,2.389809109811942,6.349609375,0.5513938681506705,-1.0,1.0,1.0,0.7043998391961056,0.5596465514285502,2.609955662766492
109,0.0,5.770780825944589,2.389809109811942,5.916015625,0.5630712533047135,-1.0,1.0,1.0,0.7043998391961056,0.5596465514285502,2.609955662766492
110,0.0,5.770780825944589,2.389809109811942,5.916015625,0.5513938681506705,0.0,1.0,1.0,0.7043998391961056,0.5596465514285502,2.609955662766492
111,0.0,5.770780825944589,2.389809109811942,5.916015625,0.5513938681506705,-1.0,-1.0,1.0,0.7043998391961056,0.5596465514285502,2.609955662766492
112,0.0,5.770780825944589,2.389809109811942,5.916015625,0.5513938681506705,-1.0,1.0,1.0,0.7043998391961056,0.5596465514285502,2.609955662766492
113,0.0,5.770780825944589,2.389809109811942,5.916015625,0.5513938681506705,-1.0,1.0,1.0,1.2083566300488684,0.5596465514285502,2.609955662766492
114,0.0,5.770780825944589,2.389809109811942,5.916015625,0.5513938681506705,-1.0,1.0,1.0,0.7043998391961056,0.3311909341481481,2.609955662766492
115,0.0,5.770780825944589,2.389809109811942,5.916015625,0.5513938681506705,-1.0,1.0,1.0,0.7043998391961056,0.5596465514285502,3.015701178635349
116,0.0,7.604969443315062,3.20034033249527,6.349609375,0.5630712533047135,0.0,-1.0,1.0,1.2083566300488684,0.3311909341481481,3.015701178635349
117,2.0,9.32745943460306,4.255381597311132,6.916015625,0.3263363004187877,1.0,0.0,-1.0,1.0148753142257678,0.8349875494443298,1.470361725334095
118,2.0,9.32745943460306,4.255381597311132,6.916015625,0.3263363004187877,1.0,0.0,-1.0,1.0148753142257678,0.8349875494443298,1.470361725334095
119,2.0,11.395291893283467,4.255381597311132,6.916015625,0.3263363004187877,1.0,0.0,-1.0,1.0148753142257678,0.8349875494443298,1.470361725334095
120,2.0,9.32745943460306,4.837251054147869,6.916015625,0.3263363004187877,1.0,0.0,-1.0,1.0148753142257678,0.8349875494443298,1.470361725334095
121,2.0,9.32745943460306,4.255381597311132,5.349609375,0.3263363004187877,1.0,0.0,-1.0,1.0148753142257678,0.8349875494443298,1.470361725334095
122,2.0,9.32745943460306,4.255381597311132,6.916015625,0.3421381464590525,1.0,0.0,-1.0,1.0148753142257678,0.8349875494443298,1.470361725334095
123,2.0,9.32745943460306,4.255381597311132,6.916015625,0.3263363004187877,-1.0,0.0,-1.0,1.0148753142257678,0.8349875494443298,1.470361725334095
124,2.0,9.32745943460306,4.255381597311132,6.916015625,0.3263363004187877,1.0,0.0,-1.0,1.0148753142257678,0.8349875494443298,1.470361725334095
125,2.0,9.32745943460306,4.255381597311132,6.916015625,0.3263363004187877,1.0,0.0,-1.0,1.0148753142257678,0.8349875494443298,1.470361725334095
126,2.0,9.32745943460306,4.255381597311132,6.916015625,0.3263363004187877,1.0,0.0,-1.0,0.9448151078184595,0.8349875494443298,1.470361725334095
127,2.0,9.32745943460306,4.255381597311132,6.916015625,0.3263363004187877,1.0,0.0,-1.0,1.0148753142257678,0.6248330124324344,1.470361725334095
128,2.0,9.32745943460306,4.255381597311132,6.916015625,0.3263363004187877,1.0,0.0,-1.0,1.0148753142257678,0.8349875494443298,1.623208341364415
129,2.0,11.395291893283467,4.837251054147869,5.349609375,0.3421381464590525,-1.0,0.0,-1.0,0.9448151078184595,0.6248330124324344,1.623208341364415
130,3.0,7.591532704121432,3.4574174257722445,5.416015625,0.44777828489032967,0.0,1.0,-1.0,1.1410129610657749,0.677074766851274,1.9278135607504758
131,3.0,7.591532704121432,3.4574174257722445,5.416015625,0.44777828489032967,0.0,1.0,-1.0,1.1410129610657749,0.677074766851274,1.9278135607504758
132,3.0,5.786379071371507,3.4574174257722445,5.416015625,0.44777828489032967,0.0,1.0,-1.0,1.1410129610657749,0.677074766851274,1.9278135607504758
133,3.0,7.591532704121432,4.030025694348934,5.416015625,0.44777828489032967,0.0,1.0,-1.0,1.1410129610657749,0.677074766851274,1.9278135607504758
134,3.0,7.591532704121432,3.4574174257722445,5.849609375,0.44777828489032967,0.0,1.0,-1.0,1.1410129610657749,0.677074766851274,1.9278135607504758
135,3.0,7.591532704121432,3.4574174257722445,5.416015625,0.6893750355310646,0.0,1.0,-1.0,1.1410129610657749,0.677074766851274,1.9278135607504758
136,3.0,7.591532704121432,3.4574174257722445,5.416015625,0.44777828489032967,0.0,1.0,-1.0,1.1410129610657749,0.677074766851274,1.9278135607504758
137,3.0,7.591532704121432,3.4574174257722445,5.416015625,0.44777828489032967,0.0,-1.0,-1.0,1.1410129610657749,0.677074766851274,1.9278135607504758
138,3.0,7.591532704121432,3.4574174257722445,5.416015625,0.44777828489032967,0.0,1.0,-1.0,1.1410129610657749,0.677074766851274,1.9278135607504758
139,3.0,7.591532704121432,3.4574174257722445,5.416015625,0.44777828489032967,0.0,1.0,-1.0,1.0617654153478717,0.677074766851274,1.9278135607504758
140,3.0,7.591532704121432,3.4574174257722445,5.416015625,0.44777828489032967,0.0,1.0,-1.0,1.1410129610657749,0.5061454169278365,1.9278135607504758
141,3.0,7.591532704121432,3.4574174257722445,5.416015625,0.44777828489032967,0.0,1.0,-1.0,1.1410129610657749,0.677074766851274,1.1999018566748665
142,3.0,5.786379071371507,4.030025694348934,5.849609375,0.6893750355310646,0.0,-1.0,-1.0,1.0617654153478717,0.5061454169278365,1.1999018566748665
143,1.0,11.37616353087371,5.103815232281562,6.416015625,0.6724995536149121,-1.0,-1.0,0.0,0.8949324462339578,0.42447890169992764,5.649564336720018
144,1.0,11.37616353087371,5.103815232281562,6.416015625,0.6724995536149121,-1.0,-1.0,0.0,0.8949324462339578,0.42447890169992764,5.649564336720018
145,1.0,9.341593726605549,5.103815232281562,6.416015625,0.6724995536149121,-1.0,-1.0,0.0,0.8949324462339578,0.42447890169992764,5.649564336720018
146,1.0,11.37616353087371,5.984739590431147,6.416015625,0.6724995536149121,-1.0,-1.0,0.0,0.8949324462339578,0.42447890169992764,5.649564336720018
147,1.0,11.37616353087371,5.103815232281562,6.849609375,0.6724995536149121,-1.0,-1.0,0.0,0.8949324462339578,0.42447890169992764,5.649564336720018
148,1.0,11.37616353087371,5.103815232281562,6.416015625,0.4592938085239636,-1.0,-1.0,0.0,0.8949324462339578,0.42447890169992764,5.649564336720018
149,1.0,11.37616353087371,5.103815232281562,6.416015625,0.6724995536149121,1.0,-1.0,0.0,0.8949324462339578,0.42447890169992764,5.649564336720018
150,1.0,11.37616353087371,5.103815232281562,6.416015625,0.6724995536149121,-1.0,1.0,0.0,0.8949324462339578,0.42447890169992764,5.649564336720018
151,1.0,11.37616353087371,5.103815232281562,6.416015625,0.6724995536149121,-1.0,-1.0,0.0,0.8949324462339578,0.42447890169992764,5.649564336720018
152,1.0,11.37616353087371,5.103815232281562,6.416015625,0.6724995536149121,-1.0,-1.0,0.0,0.8022008588614634,0.42447890169992764,5.649564336720018
153,1.0,11.37616353087371,5.103815232281562,6.416015625,0.6724995536149121,-1.0,-1.0,0.0,0.8949324462339578,0.7540189326967672,5.649564336720018
154,1.0,11.37616353087371,5.103815232281562,6.416015625,0.6724995536149121,-1.0,-1.0,0.0,0.8949324462339578,0.42447890169992764,2.1311166964195305
155,1.0,9.341593726605549,5.984739590431147,6.849609375,0.4592938085239636,1.0,1.0,0.0,0.8022008588614634,0.7540189326967672,2.1311166964195305
156,1.0,6.714844963731414,4.656920032316345,6.166015625,0.765696191295145,0.0,0.0,-1.0,1.2296819328369866,0.7444990502077069,1.6856662433077974
157,1.0,6.714844963731414,4.656920032316345,6.166015625,0.765696191295145,0.0,0.0,-1.0,1.2296819328369866,0.7444990502077069,1.6856662433077974
158,1.0,4.699591292548666,4.656920032316345,6.166015625,0.765696191295145,0.0,0.0,-1.0,1.2296819328369866,0.7444990502077069,1.6856662433077974
159,1.0,6.714844963731414,4.4217832120072185,6.166015625,0.765696191295145,0.0,0.0,-1.0,1.2296819328369866,0.7444990502077069,1.6856662433077974
160,1.0,6.714844963731414,4.656920032316345,6.599609375,0.765696191295145,0.0,0.0,-1.0,1.2296819328369866,0.7444990502077069,1.6856662433077974
161,1.0,6.714844963731414,4.656920032316345,6.166015625,0.40487053713254617,0.0,0.0,-1.0,1.2296819328369866,0.7444990502077069,1.6856662433077974
162,1.0,6.714844963731414,4.656920032316345,6.166015625,0.765696191295145,1.0,0.0,-1.0,1.2296819328369866,0.7444990502077069,1.6856662433077974
163,1.0,6.714844963731414,4.656920032316345,6.166015625,0.765696191295145,0.0,1.0,-1.0,1.2296819328369866,0.7444990502077069,1.6856662433077974
164,1.0,6.714844963731414,4.656920032316345,6.166015625,0.765696191295145,0.0,0.0,-1.0,1.2296819328369866,0.7444990502077069,1.6856662433077974
165,1.0,6.714844963731414,4.656920032316345,6.166015625,0.765696191295145,0.0,0.0,-1.0,1.126370688155147,0.7444990502077069,1.6856662433077974
166,1.0,6.714844963731414,4.656920032316345,6.166015625,0.765696191295145,0.0,0.0,-1.0,1.2296819328369866,0.43483527514719744,1.6856662433077974
167,1.0,6.714844963731414,4.656920032316345,6.166015625,0.765696191295145,0.0,0.0,-1.0,1.2296819328369866,0.7444990502077069,4.240895767781987
168,1.0,4.699591292548666,4.4217832120072185,6.599609375,0.40487053713254617,1.0,1.0,-1.0,1.126370688155147,0.43483527514719744,4.240895767781987
169,3.0,10.276219304059747,2.994940202205147,5.166015625,0.49959973351600834,1.0,-1.0,1.0,0.9568849443362444,0.49802192621294955,3.2329831922960994
170,3.0,10.276219304059747,2.994940202205147,5.166015625,0.49959973351600834,1.0,-1.0,1.0,0.9568849443362444,0.49802192621294955,3.2329831922960994
171,3.0,8.462261912963042,2.994940202205147,5.166015625,0.49959973351600834,1.0,-1.0,1.0,0.9568849443362444,0.49802192621294955,3.2329831922960994
172,3.0,10.276219304059747,2.6734572485566916,5.166015625,0.49959973351600834,1.0,-1.0,1.0,0.9568849443362444,0.49802192621294955,3.2329831922960994
173,3.0,10.276219304059747,2.994940202205147,5.599609375,0.49959973351600834,1.0,-1.0,1.0,0.9568849443362444,0.49802192621294955,3.2329831922960994
174,3.0,10.276219304059747,2.994940202205147,5.166015625,0.6201228999762136,1.0,-1.0,1.0,0.9568849443362444,0.49802192621294955,3.2329831922960994
175,3.0,10.276219304059747,2.994940202205147,5.166015625,0.49959973351600834,-1.0,-1.0,1.0,0.9568849443362444,0.49802192621294955,3.2329831922960994
176,3.0,10.276219304059747,2.994940202205147,5.166015625,0.49959973351600834,1.0,0.0,1.0,0.9568849443362444,0.49802192621294955,3.2329831922960994
177,3.0,10.276219304059747,2.994940202205147,5.166015625,0.49959973351600834,1.0,-1.0,0.0,0.9568849443362444,0.49802192621294955,3.2329831922960994
178,3.0,10.276219304059747,2.994940202205147,5.166015625,0.49959973351600834,1.0,-1.0,1.0,0.881236942889511,0.49802192621294955,3.2329831922960994
179,3.0,10.276219304059747,2.994940202205147,5.166015625,0.49959973351600834,1.0,-1.0,1.0,0.9568849443362444,0.6848964457947679,3.2329831922960994
180,3.0,10.276219304059747,2.994940202205147,5.166015625,0.49959973351600834,1.0,-1.0,1.0,0.9568849443362444,0.49802192621294955,1.8558354760625249
181,3.0,8.462261912963042,2.6734572485566916,5.599609375,0.6201228999762136,-1.0,0.0,0.0,0.881236942889511,0.6848964457947679,1.8558354760625249
182,2.0,4.680764329739736,5.666621023151206,6.666015625,0.39212101687392564,0.0,1.0,1.0,0.8204721792483868,0.31222604783571223,2.2205044110685375
183,2.0,4.680764329739736,5.666621023151206,6.666015625,0.39212101687392564,0.0,1.0,1.0,0.8204721792483868,0.31222604783571223,2.2205044110685375
184,2.0,6.728914312770362,5.666621023151206,6.666015625,0.39212101687392564,0.0,1.0,1.0,0.8204721792483868,0.31222604783571223,2.2205044110685375
185,2.0,4.680764329739736,5.320058000066534,6.666015625,0.39212101687392564,0.0,1.0,1.0,0.8204721792483868,0.31222604783571223,2.2205044110685375
186,2.0,4.680764329739736,5.666621023151206,5.099609375,0.39212101687392564,0.0,1.0,1.0,0.8204721792483868,0.31222604783571223,2.2205044110685375
187,2.0,4.680764329739736,5.666621023151206,6.666015625,0.25761280044131385,0.0,1.0,1.0,0.8204721792483868,0.31222604783571223,2.2205044110685375
188,2.0,4.680764329739736,5.666621023151206,6.666015625,0.39212101687392564,-1.0,1.0,1.0,0.8204721792483868,0.31222604783571223,2.2205044110685375
189,2.0,4.680764329739736,5.666621023151206,6.666015625,0.39212101687392564,0.0,1.0,1.0,0.8204721792483868,0.31222604783571223,2.2205044110685375
190,2.0,4.680764329739736,5.666621023151206,6.666015625,0.39212101687392564,0.0,1.0,1.0,0.8204721792483868,0.31222604783571223,2.2205044110685375
191,2.0,4.680764329739736,5.666621023151206,6.666015625,0.39212101687392564,0.0,1.0,1.0,1.0031525934617724,0.31222604783571223,2.2205044110685375
192,2.0,4.680764329739736,5.666621023151206,6.666015625,0.39212101687392564,0.0,1.0,1.0,0.8204721792483868,0.566974847028848,2.2205044110685375
193,2.0,4.680764329739736,5.666621023151206,6.666015625,0.39212101687392564,0.0,1.0,1.0,0.8204721792483868,0.31222604783571223,1.4120794636864071
194,2.0,6.728914312770362,5.320058000066534,5.099609375,0.25761280044131385,-1.0,1.0,1.0,1.0031525934617724,0.566974847028848,1.4120794636864071
195,0.0,8.448805798777228,3.8648636734653046,5.666015625,0.606954248506117,-1.0,-1.0,0.0,1.074172397440299,0.6175863586322412,1.2619049999754917
196,0.0,8.448805798777228,3.8648636734653046,5.666015625,0.606954248506117,-1.0,-1.0,0.0,1.074172397440299,0.6175863586322412,1.2619049999754917
197,0.0,10.291955787995217,3.8648636734653046,5.666015625,0.606954248506117,-1.0,-1.0,0.0,1.074172397440299,0.6175863586322412,1.2619049999754917
198,0.0,8.448805798777228,3.6333507923504618,5.666015625,0.606954248506117,-1.0,-1.0,0.0,1.074172397440299,0.6175863586322412,1.2619049999754917
199,0.0,8.448805798777228,3.8648636734653046,6.099609375,0.606954248506117,-1.0,-1.0,0.0,1.074172397440299,0.6175863586322412,1.2619049999754917
200,0.0,8.448805798777228,3.8648636734653046,5.666015625,0.5108124525218097,-1.0,-1.0,0.0,1.074172397440299,0.6175863586322412,1.2619049999754917
201,0.0,8.448805798777228,3.8648636734653046,5.666015625,0.606954248506117,0.0,-1.0,0.0,1.074172397440299,0.6175863586322412,1.2619049999754917
202,0.0,8.448805798777228,3.8648636734653046,5.666015625,0.606954248506117,-1.0,-1.0,0.0,1.074172397440299,0.6175863586322412,1.2619049999754917
203,0.0,8.448805798777228,3.8648636734653046,5.666015625,0.606954248506117,-1.0,-1.0,0.0,1.074172397440299,0.6175863586322412,1.2619049999754917
204,0.0,8.448805798777228,3.8648636734653046,5.666015625,0.606954248506117,-1.0,-1.0,0.0,0.6637298659033389,0.6175863586322412,1.2619049999754917
205,0.0,8.448805798777228,3.8648636734653046,5.666015625,0.606954248506117,-1.0,-1.0,0.0,1.074172397440299,0.8500143601773228,1.2619049999754917
206,0.0,8.448805798777228,3.8648636734653046,5.666015625,0.606954248506117,-1.0,-1.0,0.0,1.074172397440299,0.6175863586322412,2.485945850055879
207,0.0,10.291955787995217,3.6333507923504618,6.099609375,0.5108124525218097,0.0,-1.0,0.0,0.6637298659033389,0.8500143601773228,2.485945850055879
208,0.0,7.158257860565445,6.0536859386770345,5.041015625,0.2852892800369451,-1.0,0.0,-1.0,1.2983121949795895,0.46356966842319003,1.1481557922402803
209,0.0,7.158257860565445,6.0536859386770345,5.041015625,0.2852892800369451,-1.0,0.0,-1.0,1.2983121949795895,0.46356966842319003,1.1481557922402803
210,0.0,8.033423216736058,6.0536859386770345,5.041015625,0.2852892800369451,-1.0,0.0,-1.0,1.2983121949795895,0.46356966842319003,1.1481557922402803
211,0.0,7.158257860565445,5.066085248141198,5.041015625,0.2852892800369451,-1.0,0.0,-1.0,1.2983121949795895,0.46356966842319003,1.1481557922402803
212,0.0,7.158257860565445,6.0536859386770345,5.974609375,0.2852892800369451,-1.0,0.0,-1.0,1.2983121949795895,0.46356966842319003,1.1481557922402803
213,0.0,7.158257860565445,6.0536859386770345,5.041015625,0.43270769389779795,-1.0,0.0,-1.0,1.2983121949795895,0.46356966842319003,1.1481557922402803
214,0.0,7.158257860565445,6.0536859386770345,5.041015625,0.2852892800369451,0.0,0.0,-1.0,1.2983121949795895,0.46356966842319003,1.1481557922402803
215,0.0,7.158257860565445,6.0536859386770345,5.041015625,0.2852892800369451,-1.0,1.0,-1.0,1.2983121949795895,0.46356966842319003,1.1481557922402803
216,0.0,7.158257860565445,6.0536859386770345,5.041015625,0.2852892800369451,-1.0,0.0,-1.0,1.2983121949795895,0.46356966842319003,1.1481557922402803
217,0.0,7.158257860565445,6.0536859386770345,5.041015625,0.2852892800369451,-1.0,0.0,-1.0,1.0928502183128148,0.46356966842319003,1.1481557922402803
218,0.0,7.158257860565445,6.0536859386770345,5.041015625,0.2852892800369451,-1.0,0.0,-1.0,1.2983121949795895,0.4725276881803368,1.1481557922402803
219,0.0,7.158257860565445,6.0536859386770345,5.041015625,0.2852892800369451,-1.0,0.0,-1.0,1.2983121949795895,0.46356966842319003,1.7356737720302116
220,0.0,8.033423216736058,5.066085248141198,5.974609375,0.43270769389779795,0.0,1.0,-1.0,1.0928502183128148,0.4725276881803368,1.7356737720302116
221,2.0,10.799644898081134,4.060459066814942,6.041015625,0.5252839583965285,0.0,-1.0,1.0,0.9860277356189272,0.7092263853929295,2.065811252333564
222,2.0,10.799644898081134,4.060459066814942,6.041015625,0.5252839583965285,0.0,-1.0,1.0,0.9860277356189272,0.7092263853929295,2.065811252333564
223,2.0,4.054730510255188,4.060459066814942,6.041015625,0.5252839583965285,0.0,-1.0,1.0,0.9860277356189272,0.7092263853929295,2.065811252333564
224,2.0,10.799644898081134,3.4239197151897187,6.041015625,0.5252839583965285,0.0,-1.0,1.0,0.9860277356189272,0.7092263853929295,2.065811252333564
225,2.0,10.799644898081134,4.060459066814942,6.974609375,0.5252839583965285,0.0,-1.0,1.0,0.9860277356189272,0.7092263853929295,2.065811252333564
226,2.0,10.799644898081134,4.060459066814942,6.041015625,0.6524537627340921,0.0,-1.0,1.0,0.9860277356189272,0.7092263853929295,2.065811252333564
227,2.0,10.799644898081134,4.060459066814942,6.041015625,0.5252839583965285,1.0,-1.0,1.0,0.9860277356189272,0.7092263853929295,2.065811252333564
228,2.0,10.799644898081134,4.060459066814942,6.041015625,0.5252839583965285,0.0,-1.0,1.0,0.9860277356189272,0.7092263853929295,2.065811252333564
229,2.0,10.799644898081134,4.060459066814942,6.041015625,0.5252839583965285,0.0,-1.0,1.0,0.9860277356189272,0.7092263853929295,2.065811252333564
230,2.0,10.799644898081134,4.060459066814942,6.041015625,0.5252839583965285,0.0,-1.0,1.0,0.8447666221940134,0.7092263853929295,2.065811252333564
231,2.0,10.799644898081134,4.060459066814942,6.041015625,0.5252839583965285,0.0,-1.0,1.0,0.9860277356189272,0.7176903973481907,2.065811252333564
232,2.0,10.799644898081134,4.060459066814942,6.041015625,0.5252839583965285,0.0,-1.0,1.0,0.9860277356189272,0.7092263853929295,3.4434329793937337
233,2.0,4.054730510255188,3.4239197151897187,6.974609375,0.6524537627340921,1.0,-1.0,1.0,0.8447666221940134,0.7176903973481907,3.4434329793937337
234,3.0,5.251367026532677,4.871765574398073,5.541015625,0.6378675154723116,1.0,1.0,1.0,0.8601395609416745,0.9067961312367167,2.874392598275655
235,3.0,5.251367026532677,4.871765574398073,5.541015625,0.6378675154723116,1.0,1.0,1.0,0.8601395609416745,0.9067961312367167,2.874392598275655
236,3.0,9.804006574588879,4.871765574398073,5.541015625,0.6378675154723116,1.0,1.0,1.0,0.8601395609416745,0.9067961312367167,2.874392598275655
237,3.0,5.251367026532677,4.224835534906417,5.541015625,0.6378675154723116,1.0,1.0,1.0,0.8601395609416745,0.9067961312367167,2.874392598275655
238,3.0,5.251367026532677,4.871765574398073,6.474609375,0.6378675154723116,1.0,1.0,1.0,0.8601395609416745,0.9067961312367167,2.874392598275655
239,3.0,5.251367026532677,4.871765574398073,5.541015625,0.30426236483242497,1.0,1.0,1.0,0.8601395609416745,0.9067961312367167,2.874392598275655
240,3.0,5.251367026532677,4.871765574398073,5.541015625,0.6378675154723116,1.0,1.0,1.0,0.8601395609416745,0.9067961312367167,2.874392598275655
241,3.0,5.251367026532677,4.871765574398073,5.541015625,0.6378675154723116,1.0,0.0,1.0,0.8601395609416745,0.9067961312367167,2.874392598275655
242,3.0,5.251367026532677,4.871765574398073,5.541015625,0.6378675154723116,1.0,1.0,1.0,0.8601395609416745,0.9067961312367167,2.874392598275655
243,3.0,5.251367026532677,4.871765574398073,5.541015625,0.6378675154723116,1.0,1.0,1.0,1.2666029172833078,0.9067961312367167,2.874392598275655
244,3.0,5.251367026532677,4.871765574398073,5.541015625,0.6378675154723116,1.0,1.0,1.0,0.8601395609416745,0.5959465559171622,2.874392598275655
245,3.0,5.251367026532677,4.871765574398073,5.541015625,0.6378675154723116,1.0,1.0,1.0,0.8601395609416745,0.9067961312367167,2.2949756033028796
246,3.0,9.804006574588879,4.224835534906417,6.474609375,0.30426236483242497,1.0,0.0,1.0,1.2666029172833078,0.5959465559171622,2.2949756033028796
247,1.0,8.88279249115296,3.236486903285166,6.541015625,0.4207204385961106,-1.0,-1.0,0.0,1.1061029403997606,0.5887352507376307,1.575822873296786
248,1.0,8.88279249115296,3.236486903285166,6.541015625,0.4207204385961106,-1.0,-1.0,0.0,1.1061029403997606,0.5887352507376307,1.575822873296786
249,1.0,6.269692230649481,3.236486903285166,6.541015625,0.4207204385961106,-1.0,-1.0,0.0,1.1061029403997606,0.5887352507376307,1.575822873296786
250,1.0,8.88279249115296,2.330210878972551,6.541015625,0.4207204385961106,-1.0,-1.0,0.0,1.1061029403997606,0.5887352507376307,1.575822873296786
251,1.0,8.88279249115296,3.236486903285166,5.474609375,0.4207204385961106,-1.0,-1.0,0.0,1.1061029403997606,0.5887352507376307,1.575822873296786
252,1.0,8.88279249115296,3.236486903285166,6.541015625,0.5366279510019251,-1.0,-1.0,0.0,1.1061029403997606,0.5887352507376307,1.575822873296786
253,1.0,8.88279249115296,3.236486903285166,6.541015625,0.4207204385961106,-1.0,-1.0,0.0,1.1061029403997606,0.5887352507376307,1.575822873296786
254,1.0,8.88279249115296,3.236486903285166,6.541015625,0.4207204385961106,-1.0,-1.0,0.0,1.1061029403997606,0.5887352507376307,1.575822873296786
255,1.0,8.88279249115296,3.236486903285166,6.541015625,0.4207204385961106,-1.0,-1.0,0.0,1.1061029403997606,0.5887352507376307,1.575822873296786
256,1.0,8.88279249115296,3.236486903285166,6.541015625,0.4207204385961106,-1.0,-1.0,0.0,0.9742590550366184,0.5887352507376307,1.575822873296786
257,1.0,8.88279249115296,3.236486903285166,6.541015625,0.4207204385961106,-1.0,-1.0,0.0,1.1061029403997606,0.9326243079941166,1.575822873296786
258,1.0,8.88279249115296,3.236486903285166,6.541015625,0.4207204385961106,-1.0,-1.0,0.0,1.1061029403997606,0.5887352507376307,1.3083073367718707
259,1.0,6.269692230649481,2.330210878972551,5.474609375,0.5366279510019251,-1.0,-1.0,0.0,0.9742590550366184,0.9326243079941166,1.3083073367718707
260,1.0,4.032927430851016,3.665168456029312,6.791015625,0.4739088784367216,-1.0,1.0,1.0,0.7720511057174618,0.6468101251214671,3.807670535498838
261,1.0,4.032927430851016,3.665168456029312,6.791015625,0.4739088784367216,-1.0,1.0,1.0,0.7720511057174618,0.6468101251214671,3.807670535498838
262,1.0,10.816750148440184,3.665168456029312,6.791015625,0.4739088784367216,-1.0,1.0,1.0,0.7720511057174618,0.6468101251214671,3.807670535498838
263,1.0,4.032927430851016,3.8340233123044376,6.791015625,0.4739088784367216,-1.0,1.0,1.0,0.7720511057174618,0.6468101251214671,3.807670535498838
264,1.0,4.032927430851016,3.665168456029312,5.224609375,0.4739088784367216,-1.0,1.0,1.0,0.7720511057174618,0.6468101251214671,3.807670535498838
265,1.0,4.032927430851016,3.665168456029312,6.791015625,0.5906707670135114,-1.0,1.0,1.0,0.7720511057174618,0.6468101251214671,3.807670535498838
266,1.0,4.032927430851016,3.665168456029312,6.791015625,0.4739088784367216,-1.0,1.0,1.0,0.7720511057174618,0.6468101251214671,3.807670535498838
267,1.0,4.032927430851016,3.665168456029312,6.791015625,0.4739088784367216,-1.0,-1.0,1.0,0.7720511057174618,0.6468101251214671,3.807670535498838
268,1.0,4.032927430851016,3.665168456029312,6.791015625,0.4739088784367216,-1.0,1.0,1.0,0.7720511057174618,0.6468101251214671,3.807670535498838
269,1.0,4.032927430851016,3.665168456029312,6.791015625,0.4739088784367216,-1.0,1.0,1.0,1.032112426488175,0.6468101251214671,3.807670535498838
270,1.0,4.032927430851016,3.665168456029312,6.791015625,0.4739088784367216,-1.0,1.0,1.0,0.7720511057174618,0.3900873409491764,3.807670535498838
271,1.0,4.032927430851016,3.665168456029312,6.791015625,0.4739088784367216,-1.0,1.0,1.0,0.7720511057174618,0.6468101251214671,1.5161072183961093
272,1.0,10.816750148440184,3.8340233123044376,5.224609375,0.5906707670135114,-1.0,-1.0,1.0,1.032112426488175,0.3900873409491764,1.5161072183961093
273,3.0,8.020053780692056,5.362893609578318,5.791015625,0.7132916837820839,1.0,0.0,0.0,1.0440373950663306,0.37715032023164763,1.8021553850387741
274,3.0,8.020053780692056,5.362893609578318,5.791015625,0.7132916837820839,1.0,0.0,0.0,1.0440373950663306,0.37715032023164763,1.8021553850387741
275,3.0,7.171921421046564,5.362893609578318,5.791015625,0.7132916837820839,1.0,0.0,0.0,1.0440373950663306,0.37715032023164763,1.8021553850387741
276,3.0,8.020053780692056,5.615075943747283,5.791015625,0.7132916837820839,1.0,0.0,0.0,1.0440373950663306,0.37715032023164763,1.8021553850387741
277,3.0,8.020053780692056,5.362893609578318,6.224609375,0.7132916837820839,1.0,0.0,0.0,1.0440373950663306,0.37715032023164763,1.8021553850387741
278,3.0,8.020053780692056,5.362893609578318,5.791015625,0.3750479631795971,1.0,0.0,0.0,1.0440373950663306,0.37715032023164763,1.8021553850387741
279,3.0,8.020053780692056,5.362893609578318,5.791015625,0.7132916837820839,0.0,0.0,0.0,1.0440373950663306,0.37715032023164763,1.8021553850387741
280,3.0,8.020053780692056,5.362893609578318,5.791015625,0.7132916837820839,1.0,0.0,0.0,1.0440373950663306,0.37715032023164763,1.8021553850387741
281,3.0,8.020053780692056,5.362893609578318,5.791015625,0.7132916837820839,1.0,0.0,0.0,1.0440373950663306,0.37715032023164763,1.8021553850387741
282,3.0,8.020053780692056,5.362893609578318,5.791015625,0.7132916837820839,1.0,0.0,0.0,0.748005915302416,0.37715032023164763,1.8021553850387741
283,3.0,8.020053780692056,5.362893609578318,5.791015625,0.7132916837820839,1.0,0.0,0.0,1.0440373950663306,0.6542498402642412,1.8021553850387741
284,3.0,8.020053780692056,5.362893609578318,5.791015625,0.7132916837820839,1.0,0.0,0.0,1.0440373950663306,0.37715032023164763,2.717485209622876
285,3.0,7.171921421046564,5.615075943747283,6.224609375,0.3750479631795971,0.0,0.0,0.0,0.748005915302416,0.6542498402642412,2.717485209622876
286,2.0,6.2550001828697255,2.7205576287089714,6.291015625,0.5784143375838648,1.0,0.0,-1.0,1.180879487386625,0.529673391224239,1.36685703250193
287,2.0,6.2550001828697255,2.7205576287089714,6.291015625,0.5784143375838648,1.0,0.0,-1.0,1.180879487386625,0.529673391224239,1.36685703250193
288,2.0,8.896496415198278,2.7205576287089714,6.291015625,0.5784143375838648,1.0,0.0,-1.0,1.180879487386625,0.529673391224239,1.36685703250193
289,2.0,6.2550001828697255,2.9546453747551262,6.291015625,0.5784143375838648,1.0,0.0,-1.0,1.180879487386625,0.529673391224239,1.36685703250193
290,2.0,6.2550001828697255,2.7205576287089714,6.724609375,0.5784143375838648,1.0,0.0,-1.0,1.180879487386625,0.529673391224239,1.36685703250193
291,2.0,6.2550001828697255,2.7205576287089714,6.291015625,0.7342465707623154,1.0,0.0,-1.0,1.180879487386625,0.529673391224239,1.36685703250193
292,2.0,6.2550001828697255,2.7205576287089714,6.291015625,0.5784143375838648,1.0,0.0,-1.0,1.180879487386625,0.529673391224239,1.36685703250193
293,2.0,6.2550001828697255,2.7205576287089714,6.291015625,0.5784143375838648,1.0,0.0,-1.0,1.180879487386625,0.529673391224239,1.36685703250193
294,2.0,6.2550001828697255,2.7205576287089714,6.291015625,0.5784143375838648,1.0,0.0,-1.0,1.180879487386625,0.529673391224239,1.36685703250193
295,2.0,6.2550001828697255,2.7205576287089714,6.291015625,0.5784143375838648,1.0,0.0,-1.0,1.1639013197531816,0.529673391224239,1.36685703250193
296,2.0,6.2550001828697255,2.7205576287089714,6.291015625,0.5784143375838648,1.0,0.0,-1.0,1.180879487386625,0.5372891952061297,1.36685703250193
297,2.0,6.2550001828697255,2.7205576287089714,6.291015625,0.5784143375838648,1.0,0.0,-1.0,1.180879487386625,0.529673391224239,1.986447501701572
298,2.0,8.896496415198278,2.9546453747551262,6.724609375,0.7342465707623154,1.0,0.0,-1.0,1.1639013197531816,0.5372891952061297,1.986447501701572
299,0.0,9.789218543726475,4.452975405384711,5.291015625,0.36111547002547817,0.0,-1.0,0.0,0.9267915681856538,0.7849850338811307,2.3983760264087604
300,0.0,9.789218543726475,4.452975405384711,5.291015625,0.36111547002547817,0.0,-1.0,0.0,0.9267915681856538,0.7849850338811307,2.3983760264087604
301,0.0,5.268271735646869,4.452975405384711,5.291015625,0.36111547002547817,0.0,-1.0,0.0,0.9267915681856538,0.7849850338811307,2.3983760264087604
302,0.0,9.789218543726475,4.624465513481029,5.291015625,0.36111547002547817,0.0,-1.0,0.0,0.9267915681856538,0.7849850338811307,2.3983760264087604
303,0.0,9.789218543726475,4.452975405384711,5.724609375,0.36111547002547817,0.0,-1.0,0.0,0.9267915681856538,0.7849850338811307,2.3983760264087604
304,0.0,9.789218543726475,4.452975405384711,5.291015625,0.48517658948836384,0.0,-1.0,0.0,0.9267915681856538,0.7849850338811307,2.3983760264087604
305,0.0,9.789218543726475,4.452975405384711,5.291015625,0.36111547002547817,-1.0,-1.0,0.0,0.9267915681856538,0.7849850338811307,2.3983760264087604
306,0.0,9.789218543726475,4.452975405384711,5.291015625,0.36111547002547817,0.0,1.0,0.0,0.9267915681856538,0.7849850338811307,2.3983760264087604
307,0.0,9.789218543726475,4.452975405384711,5.291015625,0.36111547002547817,0.0,-1.0,0.0,0.9267915681856538,0.7849850338811307,2.3983760264087604
308,0.0,9.789218543726475,4.452975405384711,5.291015625,0.36111547002547817,0.0,-1.0,0.0,0.9141168998009634,0.7849850338811307,2.3983760264087604
309,0.0,9.789218543726475,4.452975405384711,5.291015625,0.36111547002547817,0.0,-1.0,0.0,0.9267915681856538,0.7963355904614466,2.3983760264087604
310,0.0,9.789218543726475,4.452975405384711,5.291015625,0.36111547002547817,0.0,-1.0,0.0,0.9267915681856538,0.7849850338811307,1.070196629989527
311,0.0,5.268271735646869,4.624465513481029,5.724609375,0.48517658948836384,-1.0,1.0,0.0,0.9141168998009634,0.7963355904614466,1.070196629989527
312,0.0,7.148003749565404,3.9369723041257836,5.9736328125,0.5234693256148801,1.0,-1.0,0.0,1.0941060435335308,0.6812145921924273,2.9655009676717237
313,3.0,7.148003749565404,3.9369723041257836,5.9736328125,0.5234693256148801,1.0,-1.0,0.0,1.0941060435335308,0.6812145921924273,2.9655009676717237
314,0.0,9.444582588829498,3.9369723041257836,5.9736328125,0.5234693256148801,1.0,-1.0,0.0,1.0941060435335308,0.6812145921924273,2.9655009676717237
315,0.0,7.148003749565404,3.586835039851449,5.9736328125,0.5234693256148801,1.0,-1.0,0.0,1.0941060435335308,0.6812145921924273,2.9655009676717237
316,0.0,7.148003749565404,3.9369723041257836,5.2646484375,0.5234693256148801,1.0,-1.0,0.0,1.0941060435335308,0.6812145921924273,2.9655009676717237
317,0.0,7.148003749565404,3.9369723041257836,5.9736328125,0.6625511165706532,1.0,-1.0,0.0,1.0941060435335308,0.6812145921924273,2.9655009676717237
318,0.0,7.148003749565404,3.9369723041257836,5.9736328125,0.5234693256148801,1.0,-1.0,0.0,1.0941060435335308,0.6812145921924273,2.9655009676717237
319,0.0,7.148003749565404,3.9369723041257836,5.9736328125,0.5234693256148801,1.0,-1.0,0.0,1.0941060435335308,0.6812145921924273,2.9655009676717237
320,0.0,7.148003749565404,3.9369723041257836,5.9736328125,0.5234693256148801,1.0,-1.0,0.0,1.0941060435335308,0.6812145921924273,2.9655009676717237
321,0.0,7.148003749565404,3.9369723041257836,5.9736328125,0.5234693256148801,1.0,-1.0,0.0,0.9275134267430065,0.6812145921924273,2.9655009676717237
322,0.0,7.148003749565404,3.9369723041257836,5.9736328125,0.5234693256148801,1.0,-1.0,0.0,1.0941060435335308,0.6114902898485239,2.9655009676717237
323,0.0,7.148003749565404,3.9369723041257836,5.9736328125,0.5234693256148801,1.0,-1.0,0.0,1.0941060435335308,0.6812145921924273,1.272779398956928
324,3.0,9.444582588829498,3.586835039851449,5.2646484375,0.6625511165706532,1.0,-1.0,0.0,0.9275134267430065,0.6114902898485239,1.272779398956928
325,2.0,10.786849491673912,5.795707344294561,6.9736328125,0.28205625406605067,0.0,1.0,-1.0,0.8462837915693365,0.43003749372009265,1.6070254009067044
326,1.0,10.786849491673912,5.795707344294561,6.9736328125,0.28205625406605067,0.0,1.0,-1.0,0.8462837915693365,0.43003749372009265,1.6070254009067044
327,2.0,5.898485080268945,5.795707344294561,6.9736328125,0.28205625406605067,0.0,1.0,-1.0,0.8462837915693365,0.43003749372009265,1.6070254009067044
328,2.0,10.786849491673912,5.259653859696353,6.9736328125,0.28205625406605067,0.0,1.0,-1.0,0.8462837915693365,0.43003749372009265,1.6070254009067044
329,2.0,10.786849491673912,5.795707344294561,6.2646484375,0.28205625406605067,0.0,1.0,-1.0,0.8462837915693365,0.43003749372009265,1.6070254009067044
330,2.0,10.786849491673912,5.795707344294561,6.9736328125,0.4404946092796035,0.0,1.0,-1.0,0.8462837915693365,0.43003749372009265,1.6070254009067044
331,2.0,10.786849491673912,5.795707344294561,6.9736328125,0.28205625406605067,0.0,1.0,-1.0,0.8462837915693365,0.43003749372009265,1.6070254009067044
332,2.0,10.786849491673912,5.795707344294561,6.9736328125,0.28205625406605067,0.0,1.0,-1.0,0.8462837915693365,0.43003749372009265,1.6070254009067044
333,2.0,10.786849491673912,5.795707344294561,6.9736328125,0.28205625406605067,0.0,1.0,-1.0,0.8462837915693365,0.43003749372009265,1.6070254009067044
334,2.0,10.786849491673912,5.795707344294561,6.9736328125,0.28205625406605067,0.0,1.0,-1.0,1.181898683486451,0.43003749372009265,1.6070254009067044
335,2.0,10.786849491673912,5.795707344294561,6.9736328125,0.28205625406605067,0.0,1.0,-1.0,0.8462837915693365,0.29393211441597883,1.6070254009067044
336,2.0,10.786849491673912,5.795707344294561,6.9736328125,0.28205625406605067,0.0,1.0,-1.0,0.8462837915693365,0.43003749372009265,2.237376878025321
337,1.0,5.898485080268945,5.259653859696353,6.2646484375,0.4404946092796035,0.0,1.0,-1.0,1.181898683486451,0.29393211441597883,2.237376878025321
338,3.0,5.238656216299556,3.086653142029351,5.4736328125,0.4187682180297291,-1.0,0.0,0.0,0.9753938900279325,0.5635458276458404,1.1828164998136812
339,0.0,5.238656216299556,3.086653142029351,5.4736328125,0.4187682180297291,-1.0,0.0,0.0,0.9753938900279325,0.5635458276458404,1.1828164998136812
340,3.0,11.53637338265081,3.086653142029351,5.4736328125,0.4187682180297291,-1.0,0.0,0.0,0.9753938900279325,0.5635458276458404,1.1828164998136812
341,3.0,5.238656216299556,2.602547307180121,5.4736328125,0.4187682180297291,-1.0,0.0,0.0,0.9753938900279325,0.5635458276458404,1.1828164998136812
342,3.0,5.238656216299556,3.086653142029351,6.7646484375,0.4187682180297291,-1.0,0.0,0.0,0.9753938900279325,0.5635458276458404,1.1828164998136812
343,3.0,5.238656216299556,3.086653142029351,5.4736328125,0.5441859875024414,-1.0,0.0,0.0,0.9753938900279325,0.5635458276458404,1.1828164998136812
344,3.0,5.238656216299556,3.086653142029351,5.4736328125,0.4187682180297291,-1.0,0.0,0.0,0.9753938900279325,0.5635458276458404,1.1828164998136812
345,3.0,5.238656216299556,3.086653142029351,5.4736328125,0.4187682180297291,-1.0,0.0,0.0,0.9753938900279325,0.5635458276458404,1.1828164998136812
346,3.0,5.238656216299556,3.086653142029351,5.4736328125,0.4187682180297291,-1.0,0.0,-1.0,0.9753938900279325,0.5635458276458404,1.1828164998136812
347,3.0,5.238656216299556,3.086653142029351,5.4736328125,0.4187682180297291,-1.0,0.0,0.0,0.773339736984876,0.5635458276458404,1.1828164998136812
348,3.0,5.238656216299556,3.086653142029351,5.4736328125,0.4187682180297291,-1.0,0.0,0.0,0.9753938900279325,0.7367146322975248,1.1828164998136812
349,3.0,5.238656216299556,3.086653142029351,5.4736328125,0.4187682180297291,-1.0,0.0,0.0,0.9753938900279325,0.5635458276458404,3.277914920258732
350,0.0,11.53637338265081,2.602547307180121,6.7646484375,0.5441859875024414,-1.0,0.0,-1.0,0.773339736984876,0.7367146322975248,3.277914920258732
351,1.0,8.872521352461726,4.73425862706933,6.4736328125,0.6355921448757861,0.0,1.0,1.0,1.2693657411353403,0.8427997774022262,2.1085768428630596
352,2.0,8.872521352461726,4.73425862706933,6.4736328125,0.6355921448757861,0.0,1.0,1.0,1.2693657411353403,0.8427997774022262,2.1085768428630596
353,1.0,7.702262125221252,4.73425862706933,6.4736328125,0.6355921448757861,0.0,1.0,1.0,1.2693657411353403,0.8427997774022262,2.1085768428630596
354,1.0,8.872521352461726,4.376796762128128,6.4736328125,0.6355921448757861,0.0,1.0,1.0,1.2693657411353403,0.8427997774022262,2.1085768428630596
355,1.0,8.872521352461726,4.73425862706933,5.7646484375,0.6355921448757861,0.0,1.0,1.0,1.2693657411353403,0.8427997774022262,2.1085768428630596
356,1.0,8.872521352461726,4.73425862706933,6.4736328125,0.31588618454607587,0.0,1.0,1.0,1.2693657411353403,0.8427997774022262,2.1085768428630596
357,1.0,8.872521352461726,4.73425862706933,6.4736328125,0.6355921448757861,0.0,1.0,1.0,1.2693657411353403,0.8427997774022262,2.1085768428630596
358,1.0,8.872521352461726,4.73425862706933,6.4736328125,0.6355921448757861,0.0,1.0,1.0,1.2693657411353403,0.8427997774022262,2.1085768428630596
359,1.0,8.872521352461726,4.73425862706933,6.4736328125,0.6355921448757861,0.0,1.0,1.0,1.2693657411353403,0.8427997774022262,2.1085768428630596
360,1.0,8.872521352461726,4.73425862706933,6.4736328125,0.6355921448757861,0.0,1.0,1.0,1.0447297636944624,0.8427997774022262,2.1085768428630596
361,1.0,8.872521352461726,4.73425862706933,6.4736328125,0.6355921448757861,0.0,1.0,1.0,1.2693657411353403,0.49103491104016594,2.1085768428630596
362,1.0,8.872521352461726,4.73425862706933,6.4736328125,0.6355921448757861,0.0,1.0,1.0,1.2693657411353403,0.8427997774022262,1.6971549700955249
363,2.0,7.702262125221252,4.376796762128128,5.7646484375,0.31588618454607587,0.0,1.0,1.0,1.0447297636944624,0.49103491104016594,1.6971549700955249
364,1.0,4.016497457473985,5.195110585601727,6.2236328125,0.7101374707997593,1.0,0.0,0.0,0.9153498943735474,0.32261123956540144,1.396742233523351
365,2.0,4.016497457473985,5.195110585601727,6.2236328125,0.7101374707997593,1.0,0.0,0.0,0.9153498943735474,0.32261123956540144,1.396742233523351
366,1.0,10.407134370276445,5.195110585601727,6.2236328125,0.7101374707997593,1.0,0.0,0.0,0.9153498943735474,0.32261123956540144,1.396742233523351
367,1.0,4.016497457473985,5.89132152557971,6.2236328125,0.7101374707997593,1.0,0.0,0.0,0.9153498943735474,0.32261123956540144,1.396742233523351
368,1.0,4.016497457473985,5.195110585601727,5.5146484375,0.7101374707997593,1.0,0.0,0.0,0.9153498943735474,0.32261123956540144,1.396742233523351
369,1.0,4.016497457473985,5.195110585601727,6.2236328125,0.38392739765522926,1.0,0.0,0.0,0.9153498943735474,0.32261123956540144,1.396742233523351
370,1.0,4.016497457473985,5.195110585601727,6.2236328125,0.7101374707997593,1.0,0.0,0.0,0.9153498943735474,0.32261123956540144,1.396742233523351
371,1.0,4.016497457473985,5.195110585601727,6.2236328125,0.7101374707997593,1.0,1.0,0.0,0.9153498943735474,0.32261123956540144,1.396742233523351
372,1.0,4.016497457473985,5.195110585601727,6.2236328125,0.7101374707997593,1.0,0.0,0.0,0.9153498943735474,0.32261123956540144,1.396742233523351
373,1.0,4.016497457473985,5.195110585601727,6.2236328125,0.7101374707997593,1.0,0.0,0.0,0.9867048351058192,0.32261123956540144,1.396742233523351
374,1.0,4.016497457473985,5.195110585601727,6.2236328125,0.7101374707997593,1.0,0.0,0.0,0.9153498943735474,0.6705661955632288,1.396742233523351
375,1.0,4.016497457473985,5.195110585601727,6.2236328125,0.7101374707997593,1.0,0.0,0.0,0.9153498943735474,0.32261123956540144,1.4809388885084438
376,2.0,10.407134370276445,5.89132152557971,5.5146484375,0.38392739765522926,1.0,1.0,0.0,0.9867048351058192,0.6705661955632288,1.4809388885084438
377,3.0,8.010026858843302,3.5349260354367718,5.2236328125,0.4720911859309198,0.0,1.0,1.0,1.1654816066645717,0.6214326640862581,2.4554509673308225
378,0.0,8.010026858843302,3.5349260354367718,5.2236328125,0.4720911859309198,0.0,1.0,1.0,1.1654816066645717,0.6214326640862581,2.4554509673308225
379,3.0,6.83046017843876,3.5349260354367718,5.2236328125,0.4720911859309198,0.0,1.0,1.0,1.1654816066645717,0.6214326640862581,2.4554509673308225
380,3.0,8.010026858843302,3.9858427210197434,5.2236328125,0.4720911859309198,0.0,1.0,1.0,1.1654816066645717,0.6214326640862581,2.4554509673308225
381,3.0,8.010026858843302,3.5349260354367718,6.5146484375,0.4720911859309198,0.0,1.0,1.0,1.1654816066645717,0.6214326640862581,2.4554509673308225
382,3.0,8.010026858843302,3.5349260354367718,5.2236328125,0.5989568009222381,0.0,1.0,1.0,1.1654816066645717,0.6214326640862581,2.4554509673308225
383,3.0,8.010026858843302,3.5349260354367718,5.2236328125,0.4720911859309198,-1.0,1.0,1.0,1.1654816066645717,0.6214326640862581,2.4554509673308225
384,3.0,8.010026858843302,3.5349260354367718,5.2236328125,0.4720911859309198,0.0,-1.0,1.0,1.1654816066645717,0.6214326640862581,2.4554509673308225
385,3.0,8.010026858843302,3.5349260354367718,5.2236328125,0.4720911859309198,0.0,1.0,1.0,1.1654816066645717,0.6214326640862581,2.4554509673308225
386,3.0,8.010026858843302,3.5349260354367718,5.2236328125,0.4720911859309198,0.0,1.0,1.0,1.3003828086653129,0.6214326640862581,2.4554509673308225
387,3.0,8.010026858843302,3.5349260354367718,5.2236328125,0.4720911859309198,0.0,1.0,1.0,1.1654816066645717,0.4153600638564754,2.4554509673308225
388,3.0,8.010026858843302,3.5349260354367718,5.2236328125,0.4720911859309198,0.0,1.0,1.0,1.1654816066645717,0.6214326640862581,2.633959202127313
389,0.0,6.83046017843876,3.9858427210197434,6.5146484375,0.5989568009222381,-1.0,-1.0,1.0,1.3003828086653129,0.4153600638564754,2.633959202127313
390,2.0,6.24396568789196,4.327442249830695,6.7236328125,0.35881393025745456,-1.0,-1.0,1.0,1.033253441359072,0.7495143297959161,4.070096600124866
391,1.0,6.24396568789196,4.327442249830695,6.7236328125,0.35881393025745456,-1.0,-1.0,1.0,1.033253441359072,0.7495143297959161,4.070096600124866
392,2.0,8.559985046189352,4.327442249830695,6.7236328125,0.35881393025745456,-1.0,-1.0,1.0,1.033253441359072,0.7495143297959161,4.070096600124866
393,2.0,6.24396568789196,4.787883732944205,6.7236328125,0.35881393025745456,-1.0,-1.0,1.0,1.033253441359072,0.7495143297959161,4.070096600124866
394,2.0,6.24396568789196,4.327442249830695,6.0146484375,0.35881393025745456,-1.0,-1.0,1.0,1.033253441359072,0.7495143297959161,4.070096600124866
395,2.0,6.24396568789196,4.327442249830695,6.7236328125,0.4925933823704145,-1.0,-1.0,1.0,1.033253441359072,0.7495143297959161,4.070096600124866
396,2.0,6.24396568789196,4.327442249830695,6.7236328125,0.35881393025745456,0.0,-1.0,1.0,1.033253441359072,0.7495143297959161,4.070096600124866
397,2.0,6.24396568789196,4.327442249830695,6.7236328125,0.35881393025745456,-1.0,0.0,1.0,1.033253441359072,0.7495143297959161,4.070096600124866
398,2.0,6.24396568789196,4.327442249830695,6.7236328125,0.35881393025745456,-1.0,-1.0,0.0,1.033253441359072,0.7495143297959161,4.070096600124866
399,2.0,6.24396568789196,4.327442249830695,6.7236328125,0.35881393025745456,-1.0,-1.0,1.0,0.8610009126379777,0.7495143297959161,4.070096600124866
400,2.0,6.24396568789196,4.327442249830695,6.7236328125,0.35881393025745456,-1.0,-1.0,1.0,1.033253441359072,0.8232690799348884,4.070096600124866
401,2.0,6.24396568789196,4.327442249830695,6.7236328125,0.35881393025745456,-1.0,-1.0,1.0,1.033253441359072,0.7495143297959161,6.748357083961395
402,1.0,8.559985046189352,4.787883732944205,6.0146484375,0.4925933823704145,0.0,0.0,0.0,0.8610009126379777,0.8232690799348884,6.748357083961395
403,0.0,9.778143558015056,2.5202008362673087,5.7236328125,0.5764729086660123,1.0,0.0,-1.0,0.7504767593347823,0.5023576162050475,1.8374122778323194
404,3.0,9.778143558015056,2.5202008362673087,5.7236328125,0.5764729086660123,1.0,0.0,-1.0,0.7504767593347823,0.5023576162050475,1.8374122778323194
405,0.0,4.833967685027098,2.5202008362673087,5.7236328125,0.5764729086660123,1.0,0.0,-1.0,0.7504767593347823,0.5023576162050475,1.8374122778323194
406,0.0,9.778143558015056,3.14697595331213,5.7236328125,0.5764729086660123,1.0,0.0,-1.0,0.7504767593347823,0.5023576162050475,1.8374122778323194
407,0.0,9.778143558015056,2.5202008362673087,5.0146484375,0.5764729086660123,1.0,0.0,-1.0,0.7504767593347823,0.5023576162050475,1.8374122778323194
408,0.0,9.778143558015056,2.5202008362673087,5.7236328125,0.7496367266941201,1.0,0.0,-1.0,0.7504767593347823,0.5023576162050475,1.8374122778323194
409,0.0,9.778143558015056,2.5202008362673087,5.7236328125,0.5764729086660123,1.0,0.0,-1.0,0.7504767593347823,0.5023576162050475,1.8374122778323194
410,0.0,9.778143558015056,2.5202008362673087,5.7236328125,0.5764729086660123,1.0,-1.0,-1.0,0.7504767593347823,0.5023576162050475,1.8374122778323194
411,0.0,9.778143558015056,2.5202008362673087,5.7236328125,0.5764729086660123,1.0,0.0,-1.0,0.7504767593347823,0.5023576162050475,1.8374122778323194
412,0.0,9.778143558015056,2.5202008362673087,5.7236328125,0.5764729086660123,1.0,0.0,-1.0,1.1068813492696017,0.5023576162050475,1.8374122778323194
413,0.0,9.778143558015056,2.5202008362673087,5.7236328125,0.5764729086660123,1.0,0.0,-1.0,0.7504767593347823,0.5534212722937377,1.8374122778323194
414,0.0,9.778143558015056,2.5202008362673087,5.7236328125,0.5764729086660123,1.0,0.0,-1.0,0.7504767593347823,0.5023576162050475,1.941204681969762
415,3.0,4.833967685027098,3.14697595331213,5.0146484375,0.7496367266941201,1.0,-1.0,-1.0,1.1068813492696017,0.5534212722937377,1.941204681969762
416,0.0,5.759059868388759,4.131935621700592,5.0986328125,0.32369519567041916,0.0,-1.0,0.0,0.8825772382614342,0.9198519145080942,1.7185526406675975
417,3.0,5.759059868388759,4.131935621700592,5.0986328125,0.32369519567041916,0.0,-1.0,0.0,0.8825772382614342,0.9198519145080942,1.7185526406675975
418,0.0,6.375529212014869,4.131935621700592,5.0986328125,0.32369519567041916,0.0,-1.0,0.0,0.8825772382614342,0.9198519145080942,1.7185526406675975
419,0.0,5.759059868388759,4.577834442665905,5.0986328125,0.32369519567041916,0.0,-1.0,0.0,0.8825772382614342,0.9198519145080942,1.7185526406675975
420,0.0,5.759059868388759,4.131935621700592,6.8896484375,0.32369519567041916,0.0,-1.0,0.0,0.8825772382614342,0.9198519145080942,1.7185526406675975
421,0.0,5.759059868388759,4.131935621700592,5.0986328125,0.35205690229198905,0.0,-1.0,0.0,0.8825772382614342,0.9198519145080942,1.7185526406675975
422,0.0,5.759059868388759,4.131935621700592,5.0986328125,0.32369519567041916,-1.0,-1.0,0.0,0.8825772382614342,0.9198519145080942,1.7185526406675975
423,0.0,5.759059868388759,4.131935621700592,5.0986328125,0.32369519567041916,0.0,1.0,0.0,0.8825772382614342,0.9198519145080942,1.7185526406675975
424,0.0,5.759059868388759,4.131935621700592,5.0986328125,0.32369519567041916,0.0,-1.0,0.0,0.8825772382614342,0.9198519145080942,1.7185526406675975
425,0.0,5.759059868388759,4.131935621700592,5.0986328125,0.32369519567041916,0.0,-1.0,0.0,0.7063987527298603,0.9198519145080942,1.7185526406675975
426,0.0,5.759059868388759,4.131935621700592,5.0986328125,0.32369519567041916,0.0,-1.0,0.0,0.8825772382614342,0.7022345929357371,1.7185526406675975
427,0.0,5.759059868388759,4.131935621700592,5.0986328125,0.32369519567041916,0.0,-1.0,0.0,0.8825772382614342,0.9198519145080942,2.418097457708696
428,3.0,6.375529212014869,4.577834442665905,6.8896484375,0.35205690229198905,-1.0,1.0,0.0,0.7063987527298603,0.7022345929357371,2.418097457708696
429,2.0,9.316869591876229,2.128418684988775,6.0986328125,0.5495344042496871,-1.0,1.0,1.0,1.1277483217742612,0.5925674841307884,3.3667703798095547
430,1.0,9.316869591876229,2.128418684988775,6.0986328125,0.5495344042496871,-1.0,1.0,1.0,1.1277483217742612,0.5925674841307884,3.3667703798095547
431,2.0,9.911976510979608,2.128418684988775,6.0986328125,0.5495344042496871,-1.0,1.0,1.0,1.1277483217742612,0.5925674841307884,3.3667703798095547
432,2.0,9.316869591876229,2.894700707982821,6.0986328125,0.5495344042496871,-1.0,1.0,1.0,1.1277483217742612,0.5925674841307884,3.3667703798095547
433,2.0,9.316869591876229,2.128418684988775,5.8896484375,0.5495344042496871,-1.0,1.0,1.0,1.1277483217742612,0.5925674841307884,3.3667703798095547
434,2.0,9.316869591876229,2.128418684988775,6.0986328125,0.5709038469877863,-1.0,1.0,1.0,1.1277483217742612,0.5925674841307884,3.3667703798095547
435,2.0,9.316869591876229,2.128418684988775,6.0986328125,0.5495344042496871,0.0,1.0,1.0,1.1277483217742612,0.5925674841307884,3.3667703798095547
436,2.0,9.316869591876229,2.128418684988775,6.0986328125,0.5495344042496871,-1.0,0.0,1.0,1.1277483217742612,0.5925674841307884,3.3667703798095547
437,2.0,9.316869591876229,2.128418684988775,6.0986328125,0.5495344042496871,-1.0,1.0,1.0,1.1277483217742612,0.5925674841307884,3.3667703798095547
438,2.0,9.316869591876229,2.128418684988775,6.0986328125,0.5495344042496871,-1.0,1.0,1.0,1.015552799679226,0.5925674841307884,3.3667703798095547
439,2.0,9.316869591876229,2.128418684988775,6.0986328125,0.5495344042496871,-1.0,1.0,1.0,1.1277483217742612,0.4557931251723003,3.3667703798095547
440,2.0,9.316869591876229,2.128418684988775,6.0986328125,0.5495344042496871,-1.0,1.0,1.0,1.1277483217742612,0.5925674841307884,1.377363857005706
441,1.0,9.911976510979608,2.894700707982821,5.8896484375,0.5709038469877863,0.0,0.0,1.0,1.015552799679226,0.4557931251723003,1.377363857005706
442,3.0,7.58145213236835,4.954555073744544,5.5986328125,0.6699013409313939,-1.0,-1.0,0.0,1.004278668874302,0.4683615276134977,2.2691744428188727
443,0.0,7.58145213236835,4.954555073744544,5.5986328125,0.6699013409313939,-1.0,-1.0,0.0,1.004278668874302,0.4683615276134977,2.2691744428188727
444,3.0,4.2094291738783625,4.954555073744544,5.5986328125,0.6699013409313939,-1.0,-1.0,0.0,1.004278668874302,0.4683615276134977,2.2691744428188727
445,3.0,7.58145213236835,5.5433634521220805,5.5986328125,0.6699013409313939,-1.0,-1.0,0.0,1.004278668874302,0.4683615276134977,2.2691744428188727
446,3.0,7.58145213236835,4.954555073744544,5.3896484375,0.6699013409313939,-1.0,-1.0,0.0,1.004278668874302,0.4683615276134977,2.2691744428188727
447,3.0,7.58145213236835,4.954555073744544,5.5986328125,0.4668265517993853,-1.0,-1.0,0.0,1.004278668874302,0.4683615276134977,2.2691744428188727
448,3.0,7.58145213236835,4.954555073744544,5.5986328125,0.6699013409313939,1.0,-1.0,0.0,1.004278668874302,0.4683615276134977,2.2691744428188727
449,3.0,7.58145213236835,4.954555073744544,5.5986328125,0.6699013409313939,-1.0,0.0,0.0,1.004278668874302,0.4683615276134977,2.2691744428188727
450,3.0,7.58145213236835,4.954555073744544,5.5986328125,0.6699013409313939,-1.0,-1.0,1.0,1.004278668874302,0.4683615276134977,2.2691744428188727
451,3.0,7.58145213236835,4.954555073744544,5.5986328125,0.6699013409313939,-1.0,-1.0,0.0,0.895707140949427,0.4683615276134977,2.2691744428188727
452,3.0,7.58145213236835,4.954555073744544,5.5986328125,0.6699013409313939,-1.0,-1.0,0.0,1.004278668874302,0.888409407445967,2.2691744428188727
453,3.0,7.58145213236835,4.954555073744544,5.5986328125,0.6699013409313939,-1.0,-1.0,0.0,1.004278668874302,0.4683615276134977,1.8144526753911854
454,0.0,4.2094291738783625,5.5433634521220805,5.3896484375,0.4668265517993853,1.0,0.0,1.0,0.895707140949427,0.888409407445967,1.8144526753911854
455,1.0,11.36186778056424,3.319542292246958,6.5986328125,0.44591232963506394,1.0,0.0,-1.0,0.6682700900402966,0.713697561742054,1.2926816939065249
456,2.0,11.36186778056424,3.319542292246958,6.5986328125,0.44591232963506394,1.0,0.0,-1.0,0.6682700900402966,0.713697561742054,1.2926816939065249
457,1.0,8.130372107273551,3.319542292246958,6.5986328125,0.44591232963506394,1.0,0.0,-1.0,0.6682700900402966,0.713697561742054,1.2926816939065249
458,1.0,11.36186778056424,3.7891005777217313,6.5986328125,0.44591232963506394,1.0,0.0,-1.0,0.6682700900402966,0.713697561742054,1.2926816939065249
459,1.0,11.36186778056424,3.319542292246958,6.3896484375,0.44591232963506394,1.0,0.0,-1.0,0.6682700900402966,0.713697561742054,1.2926816939065249
460,1.0,11.36186778056424,3.319542292246958,6.5986328125,0.7013058655344169,1.0,0.0,-1.0,0.6682700900402966,0.713697561742054,1.2926816939065249
461,1.0,11.36186778056424,3.319542292246958,6.5986328125,0.44591232963506394,-1.0,0.0,-1.0,0.6682700900402966,0.713697561742054,1.2926816939065249
462,1.0,11.36186778056424,3.319542292246958,6.5986328125,0.44591232963506394,1.0,-1.0,-1.0,0.6682700900402966,0.713697561742054,1.2926816939065249
463,1.0,11.36186778056424,3.319542292246958,6.5986328125,0.44591232963506394,1.0,0.0,-1.0,0.6682700900402966,0.713697561742054,1.2926816939065249
464,1.0,11.36186778056424,3.319542292246958,6.5986328125,0.44591232963506394,1.0,0.0,-1.0,1.1418804339525557,0.713697561742054,1.2926816939065249
465,1.0,11.36186778056424,3.319542292246958,6.5986328125,0.44591232963506394,1.0,0.0,-1.0,0.6682700900402966,0.5826396783211545,1.2926816939065249
466,1.0,11.36186778056424,3.319542292246958,6.5986328125,0.44591232963506394,1.0,0.0,-1.0,0.6682700900402966,0.713697561742054,3.891664947672466
467,2.0,8.130372107273551,3.7891005777217313,6.3896484375,0.7013058655344169,-1.0,-1.0,-1.0,1.1418804339525557,0.5826396783211545,3.891664947672466
468,1.0,6.704282517584356,2.826236005054405,6.8486328125,0.4977984913504504,0.0,-1.0,0.0,1.0629473704308343,0.5337312779594794,1.9662715983064303
469,2.0,6.704282517584356,2.826236005054405,6.8486328125,0.4977984913504504,0.0,-1.0,0.0,1.0629473704308343,0.5337312779594794,1.9662715983064303
470,1.0,5.3894112073869636,2.826236005054405,6.8486328125,0.4977984913504504,0.0,-1.0,0.0,1.0629473704308343,0.5337312779594794,1.9662715983064303
471,1.0,6.704282517584356,2.2384736668205116,6.8486328125,0.4977984913504504,0.0,-1.0,0.0,1.0629473704308343,0.5337312779594794,1.9662715983064303
472,1.0,6.704282517584356,2.826236005054405,6.1396484375,0.4977984913504504,0.0,-1.0,0.0,1.0629473704308343,0.5337312779594794,1.9662715983064303
473,1.0,6.704282517584356,2.826236005054405,6.8486328125,0.6291147625295739,0.0,-1.0,0.0,1.0629473704308343,0.5337312779594794,1.9662715983064303
474,1.0,6.704282517584356,2.826236005054405,6.8486328125,0.4977984913504504,0.0,-1.0,0.0,1.0629473704308343,0.5337312779594794,1.9662715983064303
475,1.0,6.704282517584356,2.826236005054405,6.8486328125,0.4977984913504504,0.0,-1.0,0.0,1.0629473704308343,0.5337312779594794,1.9662715983064303
476,1.0,6.704282517584356,2.826236005054405,6.8486328125,0.4977984913504504,0.0,-1.0,0.0,1.0629473704308343,0.5337312779594794,1.9662715983064303
477,1.0,6.704282517584356,2.826236005054405,6.8486328125,0.4977984913504504,0.0,-1.0,0.0,0.8214805716895812,0.5337312779594794,1.9662715983064303
478,1.0,6.704282517584356,2.826236005054405,6.8486328125,0.4977984913504504,0.0,-1.0,0.0,1.0629473704308343,0.6405832816117134,1.9662715983064303
479,1.0,6.704282517584356,2.826236005054405,6.8486328125,0.4977984913504504,0.0,-1.0,0.0,1.0629473704308343,0.5337312779594794,2.0806730955678834
480,2.0,5.3894112073869636,2.2384736668205116,6.1396484375,0.6291147625295739,0.0,-1.0,0.0,0.8214805716895812,0.6405832816117134,2.0806730955678834
481,3.0,10.264440030908217,4.526908160292745,5.8486328125,0.7614045348345488,-1.0,1.0,-1.0,0.8040286572854407,0.7909384461534897,1.0436425880780287
482,0.0,10.264440030908217,4.526908160292745,5.8486328125,0.7614045348345488,-1.0,1.0,-1.0,0.8040286572854407,0.7909384461534897,1.0436425880780287
483,3.0,8.996175941457672,4.526908160292745,5.8486328125,0.7614045348345488,-1.0,1.0,-1.0,0.8040286572854407,0.7909384461534897,1.0436425880780287
484,3.0,10.264440030908217,4.180632152854575,5.8486328125,0.7614045348345488,-1.0,1.0,-1.0,0.8040286572854407,0.7909384461534897,1.0436425880780287
485,3.0,10.264440030908217,4.526908160292745,5.1396484375,0.7614045348345488,-1.0,1.0,-1.0,0.8040286572854407,0.7909384461534897,1.0436425880780287
486,3.0,10.264440030908217,4.526908160292745,5.8486328125,0.41308392379018416,-1.0,1.0,-1.0,0.8040286572854407,0.7909384461534897,1.0436425880780287
487,3.0,10.264440030908217,4.526908160292745,5.8486328125,0.7614045348345488,1.0,1.0,-1.0,0.8040286572854407,0.7909384461534897,1.0436425880780287
488,3.0,10.264440030908217,4.526908160292745,5.8486328125,0.7614045348345488,-1.0,0.0,-1.0,0.8040286572854407,0.7909384461534897,1.0436425880780287
489,3.0,10.264440030908217,4.526908160292745,5.8486328125,0.7614045348345488,-1.0,1.0,-1.0,0.8040286572854407,0.7909384461534897,1.0436425880780287
490,3.0,10.264440030908217,4.526908160292745,5.8486328125,0.7614045348345488,-1.0,1.0,-1.0,1.0748965028937727,0.7909384461534897,1.0436425880780287
491,3.0,10.264440030908217,4.526908160292745,5.8486328125,0.7614045348345488,-1.0,1.0,-1.0,0.8040286572854407,0.36546090388466246,1.0436425880780287
492,3.0,10.264440030908217,4.526908160292745,5.8486328125,0.7614045348345488,-1.0,1.0,-1.0,0.8040286572854407,0.7909384461534897,1.1605826883547576
493,0.0,8.996175941457672,4.180632152854575,5.1396484375,0.41308392379018416,1.0,0.0,-1.0,1.0748965028937727,0.36546090388466246,1.1605826883547576
494,2.0,4.6665957171925605,3.7392031678633852,6.3486328125,0.6048818882676236,0.0,0.0,-1.0,0.9459837367544701,0.6507537536468515,1.500529863944124
495,1.0,4.6665957171925605,3.7392031678633852,6.3486328125,0.6048818882676236,0.0,0.0,-1.0,0.9459837367544701,0.6507537536468515,1.500529863944124
496,2.0,7.27070415919993,3.7392031678633852,6.3486328125,0.6048818882676236,0.0,0.0,-1.0,0.9459837367544701,0.6507537536468515,1.500529863944124
497,2.0,4.6665957171925605,3.374736473471472,6.3486328125,0.6048818882676236,0.0,0.0,-1.0,0.9459837367544701,0.6507537536468515,1.500529863944124
498,2.0,4.6665957171925605,3.7392031678633852,5.6396484375,0.6048818882676236,0.0,0.0,-1.0,0.9459837367544701,0.6507537536468515,1.500529863944124
499,2.0,4.6665957171925605,3.7392031678633852,6.3486328125,0.5182373553930918,0.0,0.0,-1.0,0.9459837367544701,0.6507537536468515,1.500529863944124
500,2.0,4.6665957171925605,3.7392031678633852,6.3486328125,0.6048818882676236,1.0,0.0,-1.0,0.9459837367544701,0.6507537536468515,1.500529863944124
501,2.0,4.6665957171925605,3.7392031678633852,6.3486328125,0.6048818882676236,0.0,-1.0,-1.0,0.9459837367544701,0.6507537536468515,1.500529863944124
502,2.0,4.6665957171925605,3.7392031678633852,6.3486328125,0.6048818882676236,0.0,0.0,0.0,0.9459837367544701,0.6507537536468515,1.500529863944124
503,2.0,4.6665957171925605,3.7392031678633852,6.3486328125,0.6048818882676236,0.0,0.0,-1.0,0.9575760965581924,0.6507537536468515,1.500529863944124
504,2.0,4.6665957171925605,3.7392031678633852,6.3486328125,0.6048818882676236,0.0,0.0,-1.0,0.9459837367544701,0.7758522924258499,1.500529863944124
505,2.0,4.6665957171925605,3.7392031678633852,6.3486328125,0.6048818882676236,0.0,0.0,-1.0,0.9459837367544701,0.6507537536468515,1.5867413543254698
506,1.0,7.27070415919993,3.374736473471472,5.6396484375,0.5182373553930918,1.0,-1.0,0.0,0.9575760965581924,0.7758522924258499,1.5867413543254698
507,0.0,8.43871705350877,5.467878530476854,5.3486328125,0.3900318623324209,1.0,1.0,1.0,1.2103036560676659,0.3841355559173192,2.6797572327171375
508,3.0,8.43871705350877,5.467878530476854,5.3486328125,0.3900318623324209,1.0,1.0,1.0,1.2103036560676659,0.3841355559173192,2.6797572327171375
509,0.0,10.94234842597503,5.467878530476854,5.3486328125,0.3900318623324209,1.0,1.0,1.0,1.2103036560676659,0.3841355559173192,2.6797572327171375
510,0.0,8.43871705350877,5.012434321666882,5.3486328125,0.3900318623324209,1.0,1.0,1.0,1.2103036560676659,0.3841355559173192,2.6797572327171375
511,0.0,8.43871705350877,5.467878530476854,6.6396484375,0.3900318623324209,1.0,1.0,1.0,1.2103036560676659,0.3841355559173192,2.6797572327171375
512,0.0,8.43871705350877,5.467878530476854,5.3486328125,0.2723797747070948,1.0,1.0,1.0,1.2103036560676659,0.3841355559173192,2.6797572327171375
513,0.0,8.43871705350877,5.467878530476854,5.3486328125,0.3900318623324209,-1.0,1.0,1.0,1.2103036560676659,0.3841355559173192,2.6797572327171375
514,0.0,8.43871705350877,5.467878530476854,5.3486328125,0.3900318623324209,1.0,1.0,1.0,1.2103036560676659,0.3841355559173192,2.6797572327171375
515,0.0,8.43871705350877,5.467878530476854,5.3486328125,0.3900318623324209,1.0,1.0,1.0,1.2103036560676659,0.3841355559173192,2.6797572327171375
516,0.0,8.43871705350877,5.467878530476854,5.3486328125,0.3900318623324209,1.0,1.0,1.0,1.2309931168958401,0.3841355559173192,2.6797572327171375
517,0.0,8.43871705350877,5.467878530476854,5.3486328125,0.3900318623324209,1.0,1.0,1.0,1.2103036560676659,0.523167709720665,2.6797572327171375
518,0.0,8.43871705350877,5.467878530476854,5.3486328125,0.3900318623324209,1.0,1.0,1.0,1.2103036560676659,0.3841355559173192,2.905476868009949
519,3.0,10.94234842597503,5.012434321666882,6.6396484375,0.2723797747070948,-1.0,1.0,1.0,1.2309931168958401,0.523167709720665,2.905476868009949
